number,value,params,datetime_start
0,0.4548661624663548,"{'n_d_a': 60, 'n_steps': 8, 'gamma': 2.2671812658268413, 'lambda_sparse': 7.235095775224966e-05, 'mask_type': 'entmax', 'learning_rate': 0.004580669844252352, 'weight_decay': 1.9350868787015276e-05, 'virtual_batch_size': 512, 'cat_emb_dim': 3, 'n_independent': 2, 'n_shared': 5, 'patience': 20, 'batch_size': 1024}",2025-09-18 16:17:38.078724
1,0.48113760742676104,"{'n_d_a': 20, 'n_steps': 3, 'gamma': 2.862091741199216, 'lambda_sparse': 1.7006485057116112e-06, 'mask_type': 'sparsemax', 'learning_rate': 0.03734014985587237, 'weight_decay': 1.0994143200255466e-05, 'virtual_batch_size': 512, 'cat_emb_dim': 1, 'n_independent': 5, 'n_shared': 5, 'patience': 61, 'batch_size': 512}",2025-09-18 16:21:21.000329
2,0.28608172097951157,"{'n_d_a': 12, 'n_steps': 7, 'gamma': 2.568804933091453, 'lambda_sparse': 0.0007771713171379147, 'mask_type': 'entmax', 'learning_rate': 0.0010950441263225183, 'weight_decay': 2.0003009189962398e-05, 'virtual_batch_size': 512, 'cat_emb_dim': 1, 'n_independent': 4, 'n_shared': 5, 'patience': 25, 'batch_size': 1024}",2025-09-18 16:24:45.069889
3,0.3857460420558689,"{'n_d_a': 40, 'n_steps': 9, 'gamma': 1.939362767149591, 'lambda_sparse': 0.00017606853699193349, 'mask_type': 'sparsemax', 'learning_rate': 0.0011840954088573987, 'weight_decay': 4.9100638206134995e-05, 'virtual_batch_size': 512, 'cat_emb_dim': 3, 'n_independent': 3, 'n_shared': 1, 'patience': 25, 'batch_size': 2048}",2025-09-18 16:26:09.312766
4,0.486980492069555,"{'n_d_a': 40, 'n_steps': 5, 'gamma': 2.146201899234213, 'lambda_sparse': 6.98289423306857e-06, 'mask_type': 'sparsemax', 'learning_rate': 0.01821189586651414, 'weight_decay': 3.4607066611329465e-05, 'virtual_batch_size': 512, 'cat_emb_dim': 2, 'n_independent': 2, 'n_shared': 2, 'patience': 66, 'batch_size': 512}",2025-09-18 16:27:52.580739
5,0.46085749316653396,"{'n_d_a': 60, 'n_steps': 8, 'gamma': 2.1021658049836063, 'lambda_sparse': 8.608916996392859e-06, 'mask_type': 'entmax', 'learning_rate': 0.025780464094260245, 'weight_decay': 4.128871292176052e-06, 'virtual_batch_size': 512, 'cat_emb_dim': 4, 'n_independent': 5, 'n_shared': 5, 'patience': 29, 'batch_size': 512}",2025-09-18 16:34:09.116678
6,0.4445018680730097,"{'n_d_a': 36, 'n_steps': 8, 'gamma': 1.518611066137358, 'lambda_sparse': 7.489071540641992e-05, 'mask_type': 'entmax', 'learning_rate': 0.0011406267609230844, 'weight_decay': 8.219762393371185e-05, 'virtual_batch_size': 512, 'cat_emb_dim': 3, 'n_independent': 4, 'n_shared': 5, 'patience': 36, 'batch_size': 512}",2025-09-18 16:43:16.246711
7,0.4692354197439446,"{'n_d_a': 16, 'n_steps': 10, 'gamma': 1.9632112192604476, 'lambda_sparse': 0.00046144765122908626, 'mask_type': 'sparsemax', 'learning_rate': 0.04348108059053478, 'weight_decay': 2.3851204515883847e-06, 'virtual_batch_size': 128, 'cat_emb_dim': 4, 'n_independent': 2, 'n_shared': 2, 'patience': 53, 'batch_size': 512}",2025-09-18 16:54:25.085131
8,0.46834129463054985,"{'n_d_a': 40, 'n_steps': 5, 'gamma': 2.538914387853081, 'lambda_sparse': 1.5823810304840316e-06, 'mask_type': 'sparsemax', 'learning_rate': 0.0045649154887480595, 'weight_decay': 2.8660654853409863e-06, 'virtual_batch_size': 128, 'cat_emb_dim': 4, 'n_independent': 5, 'n_shared': 2, 'patience': 65, 'batch_size': 512}",2025-09-18 17:05:25.380998
9,0.44643247560194615,"{'n_d_a': 40, 'n_steps': 10, 'gamma': 2.8852209943816014, 'lambda_sparse': 3.118999484741169e-06, 'mask_type': 'sparsemax', 'learning_rate': 0.001636042256358838, 'weight_decay': 1.5261693919163386e-06, 'virtual_batch_size': 256, 'cat_emb_dim': 4, 'n_independent': 4, 'n_shared': 2, 'patience': 59, 'batch_size': 512}",2025-09-18 17:15:34.094995
10,0.47069890282190413,"{'n_d_a': 28, 'n_steps': 5, 'gamma': 1.0194901306662278, 'lambda_sparse': 1.3567958795134217e-05, 'mask_type': 'sparsemax', 'learning_rate': 0.01450955350970616, 'weight_decay': 3.7143224633353104e-05, 'virtual_batch_size': 256, 'cat_emb_dim': 2, 'n_independent': 1, 'n_shared': 3, 'patience': 70, 'batch_size': 2048}",2025-09-18 17:29:13.855633
11,0.46685169231935486,"{'n_d_a': 24, 'n_steps': 3, 'gamma': 2.9384677288690297, 'lambda_sparse': 1.0194065439415045e-06, 'mask_type': 'sparsemax', 'learning_rate': 0.01714274286517012, 'weight_decay': 8.087787735714153e-06, 'virtual_batch_size': 512, 'cat_emb_dim': 1, 'n_independent': 2, 'n_shared': 4, 'patience': 52, 'batch_size': 512}",2025-09-18 17:32:38.315040
12,0.4894522254474006,"{'n_d_a': 52, 'n_steps': 3, 'gamma': 2.550457049653466, 'lambda_sparse': 5.3656170718245685e-06, 'mask_type': 'sparsemax', 'learning_rate': 0.04543924585745861, 'weight_decay': 9.978710590622834e-06, 'virtual_batch_size': 512, 'cat_emb_dim': 2, 'n_independent': 1, 'n_shared': 3, 'patience': 45, 'batch_size': 512}",2025-09-18 17:35:12.403023
13,0.4650036296791888,"{'n_d_a': 52, 'n_steps': 5, 'gamma': 1.6656696510905369, 'lambda_sparse': 6.657243802933315e-06, 'mask_type': 'sparsemax', 'learning_rate': 0.010147290980023762, 'weight_decay': 7.576961147916721e-06, 'virtual_batch_size': 512, 'cat_emb_dim': 2, 'n_independent': 1, 'n_shared': 3, 'patience': 41, 'batch_size': 512}",2025-09-18 17:38:06.110262
14,0.4720648342223431,"{'n_d_a': 48, 'n_steps': 4, 'gamma': 2.4451333665168353, 'lambda_sparse': 2.404399081936504e-05, 'mask_type': 'sparsemax', 'learning_rate': 0.024002492106730566, 'weight_decay': 1.9874283203354824e-05, 'virtual_batch_size': 128, 'cat_emb_dim': 2, 'n_independent': 1, 'n_shared': 1, 'patience': 48, 'batch_size': 2048}",2025-09-18 17:42:25.027024
15,0.4686752845650983,"{'n_d_a': 52, 'n_steps': 6, 'gamma': 1.6780094431152788, 'lambda_sparse': 5.058808441737627e-06, 'mask_type': 'sparsemax', 'learning_rate': 0.04591070385329145, 'weight_decay': 3.423154268765316e-05, 'virtual_batch_size': 256, 'cat_emb_dim': 2, 'n_independent': 2, 'n_shared': 4, 'patience': 40, 'batch_size': 1024}",2025-09-18 17:45:43.462836
16,0.4730302521633374,"{'n_d_a': 64, 'n_steps': 4, 'gamma': 2.2630082626570385, 'lambda_sparse': 2.041142586456068e-05, 'mask_type': 'sparsemax', 'learning_rate': 0.007307662788459593, 'weight_decay': 9.136085298589842e-05, 'virtual_batch_size': 512, 'cat_emb_dim': 2, 'n_independent': 3, 'n_shared': 2, 'patience': 48, 'batch_size': 512}",2025-09-18 17:50:42.156961
17,0.48366466926271645,"{'n_d_a': 4, 'n_steps': 4, 'gamma': 2.6239492485459017, 'lambda_sparse': 3.599499915398238e-06, 'mask_type': 'sparsemax', 'learning_rate': 0.026644226962460407, 'weight_decay': 1.279371467938619e-05, 'virtual_batch_size': 512, 'cat_emb_dim': 3, 'n_independent': 1, 'n_shared': 3, 'patience': 56, 'batch_size': 512}",2025-09-18 17:54:23.420214
18,0.4591186543664523,"{'n_d_a': 48, 'n_steps': 6, 'gamma': 1.1934855527912254, 'lambda_sparse': 5.2637161631343974e-05, 'mask_type': 'entmax', 'learning_rate': 0.013997008377106091, 'weight_decay': 4.719678000181501e-06, 'virtual_batch_size': 256, 'cat_emb_dim': 1, 'n_independent': 3, 'n_shared': 4, 'patience': 35, 'batch_size': 2048}",2025-09-18 18:00:48.818695
19,0.47042243602709255,"{'n_d_a': 32, 'n_steps': 3, 'gamma': 2.257198369373234, 'lambda_sparse': 1.3357828063176665e-05, 'mask_type': 'sparsemax', 'learning_rate': 0.02090988513762602, 'weight_decay': 4.97027816510862e-05, 'virtual_batch_size': 128, 'cat_emb_dim': 2, 'n_independent': 2, 'n_shared': 1, 'patience': 66, 'batch_size': 1024}",2025-09-18 18:03:18.664612
20,0.4716580287127529,"{'n_d_a': 48, 'n_steps': 4, 'gamma': 2.7263136860651764, 'lambda_sparse': 3.7285881834992235e-05, 'mask_type': 'sparsemax', 'learning_rate': 0.0324124780597326, 'weight_decay': 2.8320784330808122e-05, 'virtual_batch_size': 512, 'cat_emb_dim': 3, 'n_independent': 1, 'n_shared': 2, 'patience': 45, 'batch_size': 512}",2025-09-18 18:05:18.223371
21,0.48980534645678403,"{'n_d_a': 8, 'n_steps': 4, 'gamma': 2.4381510580351144, 'lambda_sparse': 3.3153183179664685e-06, 'mask_type': 'sparsemax', 'learning_rate': 0.02772999948530238, 'weight_decay': 1.2392383453878975e-05, 'virtual_batch_size': 512, 'cat_emb_dim': 3, 'n_independent': 1, 'n_shared': 3, 'patience': 57, 'batch_size': 512}",2025-09-18 18:08:02.247795
22,0.4771234841573229,"{'n_d_a': 4, 'n_steps': 5, 'gamma': 2.4616762476262184, 'lambda_sparse': 2.486142393972114e-06, 'mask_type': 'sparsemax', 'learning_rate': 0.009943823217224956, 'weight_decay': 6.2486303928361425e-06, 'virtual_batch_size': 512, 'cat_emb_dim': 2, 'n_independent': 1, 'n_shared': 3, 'patience': 61, 'batch_size': 512}",2025-09-18 18:13:20.634058
23,0.489339317970164,"{'n_d_a': 32, 'n_steps': 3, 'gamma': 2.1521730553581344, 'lambda_sparse': 9.439759923679165e-06, 'mask_type': 'sparsemax', 'learning_rate': 0.04983539960147785, 'weight_decay': 1.541386949108022e-05, 'virtual_batch_size': 512, 'cat_emb_dim': 3, 'n_independent': 2, 'n_shared': 4, 'patience': 69, 'batch_size': 512}",2025-09-18 18:18:19.383114
24,0.4708113149717799,"{'n_d_a': 12, 'n_steps': 3, 'gamma': 2.4197553305721633, 'lambda_sparse': 1.1374499034300301e-05, 'mask_type': 'sparsemax', 'learning_rate': 0.0341034927421929, 'weight_decay': 1.4615016658703315e-05, 'virtual_batch_size': 512, 'cat_emb_dim': 3, 'n_independent': 1, 'n_shared': 4, 'patience': 70, 'batch_size': 512}",2025-09-18 18:25:01.356751
25,0.4878121759636704,"{'n_d_a': 28, 'n_steps': 3, 'gamma': 2.7415549900386997, 'lambda_sparse': 4.065755350019328e-06, 'mask_type': 'sparsemax', 'learning_rate': 0.044149044128241215, 'weight_decay': 1.0028108018974954e-05, 'virtual_batch_size': 512, 'cat_emb_dim': 3, 'n_independent': 2, 'n_shared': 4, 'patience': 56, 'batch_size': 512}",2025-09-18 18:29:25.469439
26,0.4704325711176043,"{'n_d_a': 8, 'n_steps': 4, 'gamma': 1.7831654913549693, 'lambda_sparse': 1.791883069541318e-06, 'mask_type': 'entmax', 'learning_rate': 0.04899253877266138, 'weight_decay': 1.5174061077587277e-05, 'virtual_batch_size': 512, 'cat_emb_dim': 3, 'n_independent': 1, 'n_shared': 3, 'patience': 48, 'batch_size': 512}",2025-09-18 18:36:05.573716
27,0.47273482872639966,"{'n_d_a': 20, 'n_steps': 3, 'gamma': 2.3258171577319415, 'lambda_sparse': 1.0151081751689294e-06, 'mask_type': 'sparsemax', 'learning_rate': 0.03192775451608015, 'weight_decay': 5.449812206785806e-06, 'virtual_batch_size': 512, 'cat_emb_dim': 3, 'n_independent': 2, 'n_shared': 3, 'patience': 53, 'batch_size': 512}",2025-09-18 18:38:50.184951
28,0.4503745917079825,"{'n_d_a': 32, 'n_steps': 4, 'gamma': 2.1182289097319678, 'lambda_sparse': 1.8864077043258747e-05, 'mask_type': 'sparsemax', 'learning_rate': 0.028570154247866065, 'weight_decay': 3.060713361764134e-06, 'virtual_batch_size': 128, 'cat_emb_dim': 4, 'n_independent': 1, 'n_shared': 4, 'patience': 63, 'batch_size': 2048}",2025-09-18 18:42:17.151810
29,0.46630250574264737,"{'n_d_a': 56, 'n_steps': 6, 'gamma': 2.677579552734003, 'lambda_sparse': 6.350193742344354e-06, 'mask_type': 'entmax', 'learning_rate': 0.004181451304314939, 'weight_decay': 2.205883646029475e-05, 'virtual_batch_size': 256, 'cat_emb_dim': 3, 'n_independent': 2, 'n_shared': 3, 'patience': 43, 'batch_size': 1024}",2025-09-18 18:45:49.194550
30,0.4600328579257287,"{'n_d_a': 64, 'n_steps': 7, 'gamma': 2.3468552008958072, 'lambda_sparse': 2.5438816595769167e-06, 'mask_type': 'sparsemax', 'learning_rate': 0.0024030025095240905, 'weight_decay': 7.772490573857934e-06, 'virtual_batch_size': 512, 'cat_emb_dim': 2, 'n_independent': 2, 'n_shared': 4, 'patience': 57, 'batch_size': 1024}",2025-09-18 18:50:14.199222
31,0.4918571836177586,"{'n_d_a': 28, 'n_steps': 3, 'gamma': 2.761516577425175, 'lambda_sparse': 4.850231764244239e-06, 'mask_type': 'sparsemax', 'learning_rate': 0.03892607592865668, 'weight_decay': 1.2904359063992915e-05, 'virtual_batch_size': 512, 'cat_emb_dim': 3, 'n_independent': 3, 'n_shared': 4, 'patience': 51, 'batch_size': 512}",2025-09-18 18:57:32.813622
32,0.45880411363113865,"{'n_d_a': 24, 'n_steps': 3, 'gamma': 2.9941277832825035, 'lambda_sparse': 8.901944078026799e-06, 'mask_type': 'sparsemax', 'learning_rate': 0.037499154682433984, 'weight_decay': 1.133218851352039e-05, 'virtual_batch_size': 512, 'cat_emb_dim': 3, 'n_independent': 3, 'n_shared': 4, 'patience': 51, 'batch_size': 512}",2025-09-18 19:02:38.367904
33,0.4767972314336056,"{'n_d_a': 16, 'n_steps': 3, 'gamma': 2.7630375758026666, 'lambda_sparse': 4.932294086497386e-06, 'mask_type': 'sparsemax', 'learning_rate': 0.03860309334685305, 'weight_decay': 1.559513777500493e-05, 'virtual_batch_size': 512, 'cat_emb_dim': 3, 'n_independent': 3, 'n_shared': 5, 'patience': 45, 'batch_size': 512}",2025-09-18 19:06:59.648612
34,0.49101720988227254,"{'n_d_a': 28, 'n_steps': 4, 'gamma': 2.5474968901132438, 'lambda_sparse': 2.1244313223444276e-06, 'mask_type': 'sparsemax', 'learning_rate': 0.049568160097770986, 'weight_decay': 2.5188235247619528e-05, 'virtual_batch_size': 512, 'cat_emb_dim': 3, 'n_independent': 4, 'n_shared': 3, 'patience': 60, 'batch_size': 512}",2025-09-18 19:10:15.229230
35,0.4812296851929496,"{'n_d_a': 24, 'n_steps': 4, 'gamma': 2.81691839553567, 'lambda_sparse': 1.815432627147125e-06, 'mask_type': 'sparsemax', 'learning_rate': 0.02220512964587478, 'weight_decay': 2.2975798645284914e-05, 'virtual_batch_size': 512, 'cat_emb_dim': 3, 'n_independent': 4, 'n_shared': 3, 'patience': 59, 'batch_size': 512}",2025-09-18 19:19:03.842326
36,0.47127297763067705,"{'n_d_a': 44, 'n_steps': 4, 'gamma': 2.5884919266699606, 'lambda_sparse': 2.451574846413163e-06, 'mask_type': 'entmax', 'learning_rate': 0.035552276401881425, 'weight_decay': 9.501398946643229e-06, 'virtual_batch_size': 512, 'cat_emb_dim': 1, 'n_independent': 4, 'n_shared': 3, 'patience': 50, 'batch_size': 512}",2025-09-18 19:26:37.969604
37,0.4497819588532626,"{'n_d_a': 36, 'n_steps': 5, 'gamma': 2.5031116580591886, 'lambda_sparse': 1.4672489110887447e-06, 'mask_type': 'sparsemax', 'learning_rate': 0.01939768390145286, 'weight_decay': 2.8451348331245903e-05, 'virtual_batch_size': 512, 'cat_emb_dim': 4, 'n_independent': 5, 'n_shared': 3, 'patience': 20, 'batch_size': 512}",2025-09-18 19:29:46.071224
38,0.4659895262452807,"{'n_d_a': 16, 'n_steps': 3, 'gamma': 2.659210548099761, 'lambda_sparse': 0.0001483700419587594, 'mask_type': 'sparsemax', 'learning_rate': 0.02811530023913694, 'weight_decay': 7.134977065447929e-05, 'virtual_batch_size': 512, 'cat_emb_dim': 3, 'n_independent': 4, 'n_shared': 2, 'patience': 36, 'batch_size': 1024}",2025-09-18 19:34:30.614888
39,0.47070701650343444,"{'n_d_a': 20, 'n_steps': 9, 'gamma': 2.840431779414233, 'lambda_sparse': 4.0669245193411235e-06, 'mask_type': 'entmax', 'learning_rate': 0.0030433279025400242, 'weight_decay': 5.115966671406472e-05, 'virtual_batch_size': 512, 'cat_emb_dim': 4, 'n_independent': 5, 'n_shared': 5, 'patience': 54, 'batch_size': 512}",2025-09-18 19:36:11.543564
40,0.4909734166493158,"{'n_d_a': 12, 'n_steps': 4, 'gamma': 2.557885073432591, 'lambda_sparse': 2.947108394876209e-06, 'mask_type': 'sparsemax', 'learning_rate': 0.03813415231858008, 'weight_decay': 1.849011284607099e-05, 'virtual_batch_size': 512, 'cat_emb_dim': 2, 'n_independent': 3, 'n_shared': 3, 'patience': 60, 'batch_size': 2048}",2025-09-18 19:57:02.582112
41,0.47378759562498124,"{'n_d_a': 12, 'n_steps': 4, 'gamma': 2.5812708857163105, 'lambda_sparse': 2.853328248388054e-06, 'mask_type': 'sparsemax', 'learning_rate': 0.03860353604562602, 'weight_decay': 1.876321698654068e-05, 'virtual_batch_size': 512, 'cat_emb_dim': 2, 'n_independent': 3, 'n_shared': 3, 'patience': 62, 'batch_size': 2048}",2025-09-18 19:59:42.672457
42,0.45640320086514946,"{'n_d_a': 28, 'n_steps': 5, 'gamma': 2.3328749473372707, 'lambda_sparse': 5.3549346869846275e-06, 'mask_type': 'sparsemax', 'learning_rate': 0.029258469336549832, 'weight_decay': 1.2267608618916632e-05, 'virtual_batch_size': 512, 'cat_emb_dim': 2, 'n_independent': 4, 'n_shared': 3, 'patience': 59, 'batch_size': 2048}",2025-09-18 20:01:29.433493
43,0.4518764600521558,"{'n_d_a': 8, 'n_steps': 4, 'gamma': 2.4062651729264974, 'lambda_sparse': 1.3469625569935634e-06, 'mask_type': 'sparsemax', 'learning_rate': 0.016205181925689965, 'weight_decay': 2.6582375867249228e-05, 'virtual_batch_size': 512, 'cat_emb_dim': 2, 'n_independent': 3, 'n_shared': 2, 'patience': 55, 'batch_size': 2048}",2025-09-18 20:04:46.701059
44,0.4761202401157207,"{'n_d_a': 8, 'n_steps': 3, 'gamma': 2.515324676880381, 'lambda_sparse': 2.0523466972398324e-06, 'mask_type': 'sparsemax', 'learning_rate': 0.04166218494467045, 'weight_decay': 1.776582177021417e-05, 'virtual_batch_size': 512, 'cat_emb_dim': 3, 'n_independent': 3, 'n_shared': 3, 'patience': 63, 'batch_size': 2048}",2025-09-18 20:06:34.615112
45,0.4890231710987028,"{'n_d_a': 20, 'n_steps': 5, 'gamma': 2.853052695514336, 'lambda_sparse': 0.0008988656994962064, 'mask_type': 'sparsemax', 'learning_rate': 0.04998671923183669, 'weight_decay': 9.846641189491062e-06, 'virtual_batch_size': 128, 'cat_emb_dim': 1, 'n_independent': 4, 'n_shared': 3, 'patience': 58, 'batch_size': 2048}",2025-09-18 20:09:24.149521
46,0.4708793415409041,"{'n_d_a': 36, 'n_steps': 7, 'gamma': 2.0398587072640293, 'lambda_sparse': 3.9715824212369014e-06, 'mask_type': 'sparsemax', 'learning_rate': 0.012208858857159078, 'weight_decay': 3.8590233063530275e-05, 'virtual_batch_size': 512, 'cat_emb_dim': 2, 'n_independent': 5, 'n_shared': 2, 'patience': 66, 'batch_size': 512}",2025-09-18 20:18:20.508473
47,0.46398252688967423,"{'n_d_a': 12, 'n_steps': 4, 'gamma': 2.2120695674840274, 'lambda_sparse': 0.0005396140816746083, 'mask_type': 'sparsemax', 'learning_rate': 0.024266454204150675, 'weight_decay': 8.121761264142655e-06, 'virtual_batch_size': 256, 'cat_emb_dim': 3, 'n_independent': 3, 'n_shared': 3, 'patience': 49, 'batch_size': 512}",2025-09-18 20:26:39.953027
48,0.4673242701257996,"{'n_d_a': 44, 'n_steps': 3, 'gamma': 2.9301869025726823, 'lambda_sparse': 6.573964637168548e-06, 'mask_type': 'sparsemax', 'learning_rate': 0.006388886713551757, 'weight_decay': 1.3047213991836204e-05, 'virtual_batch_size': 512, 'cat_emb_dim': 2, 'n_independent': 4, 'n_shared': 4, 'patience': 39, 'batch_size': 512}",2025-09-18 20:30:01.684212
49,0.4657900084110464,"{'n_d_a': 28, 'n_steps': 6, 'gamma': 1.878833658900463, 'lambda_sparse': 1.3290935774955704e-06, 'mask_type': 'sparsemax', 'learning_rate': 0.04106204502311236, 'weight_decay': 6.5811694446945944e-06, 'virtual_batch_size': 512, 'cat_emb_dim': 3, 'n_independent': 4, 'n_shared': 3, 'patience': 33, 'batch_size': 2048}",2025-09-18 20:32:57.049623
50,0.47581024391778476,"{'n_d_a': 60, 'n_steps': 4, 'gamma': 2.674312080678021, 'lambda_sparse': 3.149394935021574e-06, 'mask_type': 'entmax', 'learning_rate': 0.02456463657605194, 'weight_decay': 1.0600484221683062e-06, 'virtual_batch_size': 128, 'cat_emb_dim': 2, 'n_independent': 3, 'n_shared': 2, 'patience': 61, 'batch_size': 512}",2025-09-18 20:34:58.763943
51,0.4619660690424108,"{'n_d_a': 32, 'n_steps': 3, 'gamma': 2.1936585782990825, 'lambda_sparse': 9.502608820951745e-06, 'mask_type': 'sparsemax', 'learning_rate': 0.048925547541560144, 'weight_decay': 1.7728248798539815e-05, 'virtual_batch_size': 512, 'cat_emb_dim': 3, 'n_independent': 1, 'n_shared': 4, 'patience': 69, 'batch_size': 512}",2025-09-18 20:39:26.300871
52,0.4660868627167824,"{'n_d_a': 36, 'n_steps': 3, 'gamma': 2.552472210216453, 'lambda_sparse': 8.489597189962005e-06, 'mask_type': 'sparsemax', 'learning_rate': 0.03318603328058931, 'weight_decay': 2.413735000266049e-05, 'virtual_batch_size': 512, 'cat_emb_dim': 3, 'n_independent': 2, 'n_shared': 4, 'patience': 68, 'batch_size': 512}",2025-09-18 20:42:16.760091
53,0.4546133959578347,"{'n_d_a': 24, 'n_steps': 4, 'gamma': 2.055650287031267, 'lambda_sparse': 4.983921966881782e-06, 'mask_type': 'sparsemax', 'learning_rate': 0.04206913891895615, 'weight_decay': 1.4307249159242643e-05, 'virtual_batch_size': 512, 'cat_emb_dim': 3, 'n_independent': 2, 'n_shared': 5, 'patience': 64, 'batch_size': 512}",2025-09-18 20:44:35.887700
54,0.47957928928698285,"{'n_d_a': 40, 'n_steps': 3, 'gamma': 2.3900157362597407, 'lambda_sparse': 1.3640491896902974e-05, 'mask_type': 'sparsemax', 'learning_rate': 0.029848769884246888, 'weight_decay': 1.1180393725227522e-05, 'virtual_batch_size': 512, 'cat_emb_dim': 3, 'n_independent': 1, 'n_shared': 4, 'patience': 46, 'batch_size': 512}",2025-09-18 20:49:17.999246
55,0.49085755999874153,"{'n_d_a': 4, 'n_steps': 3, 'gamma': 2.4967814496066905, 'lambda_sparse': 2.2774728877597943e-06, 'mask_type': 'sparsemax', 'learning_rate': 0.03483653101165198, 'weight_decay': 3.20118905825667e-05, 'virtual_batch_size': 512, 'cat_emb_dim': 4, 'n_independent': 3, 'n_shared': 3, 'patience': 60, 'batch_size': 512}",2025-09-18 20:52:51.423948
56,0.47618194459232793,"{'n_d_a': 4, 'n_steps': 5, 'gamma': 2.4866504481775342, 'lambda_sparse': 1.9439240835724748e-06, 'mask_type': 'sparsemax', 'learning_rate': 0.03530404760508982, 'weight_decay': 3.625094457487242e-05, 'virtual_batch_size': 256, 'cat_emb_dim': 4, 'n_independent': 3, 'n_shared': 3, 'patience': 60, 'batch_size': 512}",2025-09-18 20:56:20.517013
57,0.4653241534973516,"{'n_d_a': 8, 'n_steps': 4, 'gamma': 2.776985562327468, 'lambda_sparse': 3.1416111306407877e-06, 'mask_type': 'sparsemax', 'learning_rate': 0.021677308934485013, 'weight_decay': 6.091310080403185e-05, 'virtual_batch_size': 512, 'cat_emb_dim': 4, 'n_independent': 3, 'n_shared': 3, 'patience': 52, 'batch_size': 1024}",2025-09-18 21:04:33.662080
58,0.47723366850724513,"{'n_d_a': 4, 'n_steps': 3, 'gamma': 2.6279281846681837, 'lambda_sparse': 2.4572104298631715e-06, 'mask_type': 'sparsemax', 'learning_rate': 0.026370164600775566, 'weight_decay': 3.1002942152099635e-05, 'virtual_batch_size': 512, 'cat_emb_dim': 4, 'n_independent': 3, 'n_shared': 3, 'patience': 57, 'batch_size': 512}",2025-09-18 21:07:39.174386
59,0.47067690777003496,"{'n_d_a': 12, 'n_steps': 4, 'gamma': 1.4611882254382769, 'lambda_sparse': 0.00011443396475718517, 'mask_type': 'sparsemax', 'learning_rate': 0.017855305453254037, 'weight_decay': 4.3633873276883e-05, 'virtual_batch_size': 512, 'cat_emb_dim': 2, 'n_independent': 3, 'n_shared': 2, 'patience': 54, 'batch_size': 2048}",2025-09-18 21:12:16.533073
60,0.4811663290833943,"{'n_d_a': 16, 'n_steps': 5, 'gamma': 2.7210298665301833, 'lambda_sparse': 1.2118926687085508e-06, 'mask_type': 'sparsemax', 'learning_rate': 0.03197638182281315, 'weight_decay': 2.3278660175581167e-05, 'virtual_batch_size': 128, 'cat_emb_dim': 2, 'n_independent': 5, 'n_shared': 3, 'patience': 47, 'batch_size': 512}",2025-09-18 21:13:58.881445
61,0.47986539525126953,"{'n_d_a': 32, 'n_steps': 3, 'gamma': 2.436953278672772, 'lambda_sparse': 3.7750834724978756e-06, 'mask_type': 'sparsemax', 'learning_rate': 0.04273190170911574, 'weight_decay': 1.6188969696080996e-05, 'virtual_batch_size': 512, 'cat_emb_dim': 3, 'n_independent': 1, 'n_shared': 3, 'patience': 68, 'batch_size': 512}",2025-09-18 21:25:36.796593
62,0.4760307498193703,"{'n_d_a': 28, 'n_steps': 3, 'gamma': 2.3116354050421104, 'lambda_sparse': 5.846309266578641e-06, 'mask_type': 'sparsemax', 'learning_rate': 0.04636380563338371, 'weight_decay': 1.9588012453693668e-05, 'virtual_batch_size': 512, 'cat_emb_dim': 4, 'n_independent': 2, 'n_shared': 4, 'patience': 65, 'batch_size': 512}",2025-09-18 21:29:08.053188
63,0.49268183036312846,"{'n_d_a': 8, 'n_steps': 3, 'gamma': 2.5439015784856975, 'lambda_sparse': 2.115515202009902e-06, 'mask_type': 'sparsemax', 'learning_rate': 0.049747194433814965, 'weight_decay': 8.81872946460845e-06, 'virtual_batch_size': 512, 'cat_emb_dim': 3, 'n_independent': 1, 'n_shared': 3, 'patience': 56, 'batch_size': 512}",2025-09-18 21:31:53.018791
64,0.4766162153256575,"{'n_d_a': 8, 'n_steps': 3, 'gamma': 2.5715860963055137, 'lambda_sparse': 2.119993853271886e-06, 'mask_type': 'sparsemax', 'learning_rate': 0.0373443884673558, 'weight_decay': 8.939255228873003e-06, 'virtual_batch_size': 512, 'cat_emb_dim': 3, 'n_independent': 1, 'n_shared': 3, 'patience': 56, 'batch_size': 512}",2025-09-18 21:33:53.369198
65,0.49019645930704375,"{'n_d_a': 4, 'n_steps': 4, 'gamma': 2.5288501143085846, 'lambda_sparse': 1.558588602343328e-06, 'mask_type': 'sparsemax', 'learning_rate': 0.04343703671455749, 'weight_decay': 6.296654488717553e-06, 'virtual_batch_size': 512, 'cat_emb_dim': 2, 'n_independent': 1, 'n_shared': 3, 'patience': 43, 'batch_size': 512}",2025-09-18 21:37:42.398244
66,0.47883100682227325,"{'n_d_a': 4, 'n_steps': 4, 'gamma': 2.6899776047367507, 'lambda_sparse': 1.0256496576330093e-06, 'mask_type': 'sparsemax', 'learning_rate': 0.03194571236896845, 'weight_decay': 4.040810785705375e-06, 'virtual_batch_size': 512, 'cat_emb_dim': 2, 'n_independent': 1, 'n_shared': 3, 'patience': 43, 'batch_size': 512}",2025-09-18 21:40:36.412230
67,0.4850274104288319,"{'n_d_a': 4, 'n_steps': 4, 'gamma': 2.61687443545469, 'lambda_sparse': 2.2274498380741224e-06, 'mask_type': 'entmax', 'learning_rate': 0.039109369928236014, 'weight_decay': 6.405155289339331e-06, 'virtual_batch_size': 256, 'cat_emb_dim': 3, 'n_independent': 1, 'n_shared': 3, 'patience': 58, 'batch_size': 512}",2025-09-18 21:43:57.520812
68,0.460805099654062,"{'n_d_a': 8, 'n_steps': 5, 'gamma': 2.4712389424009844, 'lambda_sparse': 1.632191515665204e-06, 'mask_type': 'sparsemax', 'learning_rate': 0.0017605066591649529, 'weight_decay': 4.509227452579193e-06, 'virtual_batch_size': 512, 'cat_emb_dim': 4, 'n_independent': 2, 'n_shared': 2, 'patience': 51, 'batch_size': 512}",2025-09-18 21:49:21.210923
69,0.4508269455283404,"{'n_d_a': 8, 'n_steps': 9, 'gamma': 2.3686700819401185, 'lambda_sparse': 3.079877686233845e-06, 'mask_type': 'sparsemax', 'learning_rate': 0.03524558821145285, 'weight_decay': 5.297786481423934e-06, 'virtual_batch_size': 512, 'cat_emb_dim': 2, 'n_independent': 1, 'n_shared': 3, 'patience': 61, 'batch_size': 1024}",2025-09-18 21:56:53.940056
70,0.4889777250577321,"{'n_d_a': 12, 'n_steps': 4, 'gamma': 2.791529496089737, 'lambda_sparse': 1.6000036124530245e-06, 'mask_type': 'sparsemax', 'learning_rate': 0.04316305687740831, 'weight_decay': 7.025139155870238e-06, 'virtual_batch_size': 512, 'cat_emb_dim': 1, 'n_independent': 3, 'n_shared': 3, 'patience': 54, 'batch_size': 512}",2025-09-18 21:59:55.777050
71,0.46975663532055156,"{'n_d_a': 4, 'n_steps': 3, 'gamma': 2.536881129880519, 'lambda_sparse': 3.8520033907878376e-06, 'mask_type': 'sparsemax', 'learning_rate': 0.044314812544174, 'weight_decay': 1.2813182643452497e-05, 'virtual_batch_size': 512, 'cat_emb_dim': 2, 'n_independent': 1, 'n_shared': 3, 'patience': 41, 'batch_size': 512}",2025-09-18 22:07:59.311627
72,0.4821238448657236,"{'n_d_a': 12, 'n_steps': 3, 'gamma': 2.9057507666569093, 'lambda_sparse': 2.7097548711515047e-06, 'mask_type': 'sparsemax', 'learning_rate': 0.04924393572249397, 'weight_decay': 1.062007955640662e-05, 'virtual_batch_size': 512, 'cat_emb_dim': 2, 'n_independent': 1, 'n_shared': 3, 'patience': 42, 'batch_size': 512}",2025-09-18 22:09:33.878695
73,0.4702831694590964,"{'n_d_a': 56, 'n_steps': 3, 'gamma': 2.276949119230862, 'lambda_sparse': 4.6859794364720795e-06, 'mask_type': 'sparsemax', 'learning_rate': 0.029361405818215915, 'weight_decay': 8.4647852363826e-06, 'virtual_batch_size': 512, 'cat_emb_dim': 2, 'n_independent': 1, 'n_shared': 3, 'patience': 44, 'batch_size': 512}",2025-09-18 22:12:14.499559
74,0.4454367900265237,"{'n_d_a': 16, 'n_steps': 4, 'gamma': 2.6452253975995403, 'lambda_sparse': 7.455984892353861e-06, 'mask_type': 'sparsemax', 'learning_rate': 0.03766484181371175, 'weight_decay': 5.83090053299632e-06, 'virtual_batch_size': 512, 'cat_emb_dim': 3, 'n_independent': 1, 'n_shared': 3, 'patience': 59, 'batch_size': 512}",2025-09-18 22:13:54.918038
75,0.47084517631461037,"{'n_d_a': 8, 'n_steps': 4, 'gamma': 2.4757763552155154, 'lambda_sparse': 1.1747306970608812e-06, 'mask_type': 'sparsemax', 'learning_rate': 0.02627561987942812, 'weight_decay': 3.4158695806667513e-06, 'virtual_batch_size': 512, 'cat_emb_dim': 2, 'n_independent': 1, 'n_shared': 3, 'patience': 39, 'batch_size': 2048}",2025-09-18 22:16:11.007917
76,0.4183240733611699,"{'n_d_a': 4, 'n_steps': 3, 'gamma': 2.531443095710036, 'lambda_sparse': 1.842615015691494e-06, 'mask_type': 'sparsemax', 'learning_rate': 0.03444518072812185, 'weight_decay': 2.0674105863297633e-05, 'virtual_batch_size': 512, 'cat_emb_dim': 3, 'n_independent': 2, 'n_shared': 3, 'patience': 50, 'batch_size': 512}",2025-09-18 22:17:07.711524
77,0.4791229001286756,"{'n_d_a': 8, 'n_steps': 5, 'gamma': 2.709611922752992, 'lambda_sparse': 4.468535902744661e-06, 'mask_type': 'entmax', 'learning_rate': 0.04486664194401549, 'weight_decay': 3.094563451136753e-05, 'virtual_batch_size': 512, 'cat_emb_dim': 2, 'n_independent': 1, 'n_shared': 3, 'patience': 56, 'batch_size': 512}",2025-09-18 22:18:57.107145
78,0.473348320925727,"{'n_d_a': 12, 'n_steps': 8, 'gamma': 2.9922331006189835, 'lambda_sparse': 3.33753896068916e-06, 'mask_type': 'sparsemax', 'learning_rate': 0.040493820264527546, 'weight_decay': 2.5882292802766246e-05, 'virtual_batch_size': 128, 'cat_emb_dim': 3, 'n_independent': 4, 'n_shared': 3, 'patience': 63, 'batch_size': 512}",2025-09-18 22:22:47.330847
79,0.465979560409645,"{'n_d_a': 20, 'n_steps': 3, 'gamma': 2.4104113913719374, 'lambda_sparse': 4.2226722602452835e-05, 'mask_type': 'sparsemax', 'learning_rate': 0.030921724733471156, 'weight_decay': 1.3301077144562059e-05, 'virtual_batch_size': 512, 'cat_emb_dim': 2, 'n_independent': 3, 'n_shared': 2, 'patience': 52, 'batch_size': 2048}",2025-09-18 22:44:33.121493
80,0.4670181622597524,"{'n_d_a': 44, 'n_steps': 4, 'gamma': 2.5973926649638748, 'lambda_sparse': 1.447927352319556e-06, 'mask_type': 'sparsemax', 'learning_rate': 0.006740012558234293, 'weight_decay': 7.231906572679005e-06, 'virtual_batch_size': 256, 'cat_emb_dim': 3, 'n_independent': 2, 'n_shared': 4, 'patience': 60, 'batch_size': 512}",2025-09-18 22:45:57.429459
81,0.46382860988685887,"{'n_d_a': 28, 'n_steps': 3, 'gamma': 2.1871748697278206, 'lambda_sparse': 2.281125502437462e-06, 'mask_type': 'sparsemax', 'learning_rate': 0.0495084690608394, 'weight_decay': 1.6079805508653668e-05, 'virtual_batch_size': 512, 'cat_emb_dim': 3, 'n_independent': 3, 'n_shared': 4, 'patience': 47, 'batch_size': 512}",2025-09-18 22:52:18.793214
82,0.49184784139014215,"{'n_d_a': 32, 'n_steps': 3, 'gamma': 2.3026403385156367, 'lambda_sparse': 1.728937558704236e-05, 'mask_type': 'sparsemax', 'learning_rate': 0.04544539821603367, 'weight_decay': 1.1603912077889232e-05, 'virtual_batch_size': 512, 'cat_emb_dim': 3, 'n_independent': 1, 'n_shared': 4, 'patience': 57, 'batch_size': 512}",2025-09-18 22:54:27.166428
83,0.47991045533534726,"{'n_d_a': 24, 'n_steps': 3, 'gamma': 2.4421404250571443, 'lambda_sparse': 2.4713666130377978e-05, 'mask_type': 'sparsemax', 'learning_rate': 0.03796816795775609, 'weight_decay': 1.1136160842691508e-05, 'virtual_batch_size': 512, 'cat_emb_dim': 3, 'n_independent': 1, 'n_shared': 4, 'patience': 55, 'batch_size': 512}",2025-09-18 23:00:23.946619
84,0.48732303590764153,"{'n_d_a': 4, 'n_steps': 3, 'gamma': 2.5187598157022006, 'lambda_sparse': 0.00028861576126477945, 'mask_type': 'sparsemax', 'learning_rate': 0.044914200416528945, 'weight_decay': 9.172820514563484e-06, 'virtual_batch_size': 512, 'cat_emb_dim': 3, 'n_independent': 1, 'n_shared': 3, 'patience': 61, 'batch_size': 512}",2025-09-18 23:03:20.922491
85,0.4894408215527128,"{'n_d_a': 52, 'n_steps': 4, 'gamma': 2.568269523337205, 'lambda_sparse': 1.675653400815709e-05, 'mask_type': 'sparsemax', 'learning_rate': 0.0349069701148701, 'weight_decay': 1.1721476621986295e-05, 'virtual_batch_size': 512, 'cat_emb_dim': 3, 'n_independent': 1, 'n_shared': 3, 'patience': 58, 'batch_size': 512}",2025-09-18 23:06:17.660472
86,0.46800918354478355,"{'n_d_a': 36, 'n_steps': 4, 'gamma': 2.265731286710308, 'lambda_sparse': 2.76361319692264e-06, 'mask_type': 'sparsemax', 'learning_rate': 0.008918624727429788, 'weight_decay': 1.0035099731766206e-05, 'virtual_batch_size': 512, 'cat_emb_dim': 3, 'n_independent': 1, 'n_shared': 4, 'patience': 57, 'batch_size': 1024}",2025-09-18 23:11:35.775349
87,0.4739714257599367,"{'n_d_a': 32, 'n_steps': 3, 'gamma': 2.354583573644435, 'lambda_sparse': 8.642098092088891e-05, 'mask_type': 'sparsemax', 'learning_rate': 0.039870925269326965, 'weight_decay': 1.4195177325579068e-05, 'virtual_batch_size': 512, 'cat_emb_dim': 2, 'n_independent': 1, 'n_shared': 3, 'patience': 53, 'batch_size': 512}",2025-09-18 23:13:23.078697
88,0.47142465816183493,"{'n_d_a': 40, 'n_steps': 3, 'gamma': 2.7510464676736226, 'lambda_sparse': 7.670034111633985e-06, 'mask_type': 'sparsemax', 'learning_rate': 0.020003478474465337, 'weight_decay': 8.002515957380992e-06, 'virtual_batch_size': 512, 'cat_emb_dim': 4, 'n_independent': 3, 'n_shared': 4, 'patience': 62, 'batch_size': 2048}",2025-09-18 23:15:40.078576
89,0.4749998067301928,"{'n_d_a': 8, 'n_steps': 4, 'gamma': 2.6629559508223837, 'lambda_sparse': 1.7835660263508183e-06, 'mask_type': 'entmax', 'learning_rate': 0.027721384355923983, 'weight_decay': 1.7229690973306527e-05, 'virtual_batch_size': 512, 'cat_emb_dim': 3, 'n_independent': 1, 'n_shared': 3, 'patience': 49, 'batch_size': 512}",2025-09-18 23:18:48.064710
90,0.4725277850402358,"{'n_d_a': 56, 'n_steps': 3, 'gamma': 2.399028629214408, 'lambda_sparse': 1.1073889335452144e-05, 'mask_type': 'sparsemax', 'learning_rate': 0.022351985056121362, 'weight_decay': 2.328416906975214e-06, 'virtual_batch_size': 512, 'cat_emb_dim': 2, 'n_independent': 5, 'n_shared': 5, 'patience': 60, 'batch_size': 512}",2025-09-18 23:23:13.666325
91,0.48570637115400395,"{'n_d_a': 52, 'n_steps': 4, 'gamma': 2.602690233211345, 'lambda_sparse': 1.6061005338513995e-05, 'mask_type': 'sparsemax', 'learning_rate': 0.03399117424007035, 'weight_decay': 1.0926669218925352e-05, 'virtual_batch_size': 512, 'cat_emb_dim': 3, 'n_independent': 1, 'n_shared': 3, 'patience': 58, 'batch_size': 512}",2025-09-18 23:28:49.465665
92,0.49043152247402305,"{'n_d_a': 48, 'n_steps': 4, 'gamma': 2.56219054087183, 'lambda_sparse': 2.313223858889507e-05, 'mask_type': 'sparsemax', 'learning_rate': 0.04692014304181197, 'weight_decay': 1.2392947888697173e-05, 'virtual_batch_size': 512, 'cat_emb_dim': 3, 'n_independent': 1, 'n_shared': 3, 'patience': 55, 'batch_size': 512}",2025-09-18 23:32:34.364626
93,0.4889322001284165,"{'n_d_a': 48, 'n_steps': 6, 'gamma': 2.491340357535414, 'lambda_sparse': 3.132148900544546e-05, 'mask_type': 'sparsemax', 'learning_rate': 0.046703357669796365, 'weight_decay': 1.4116503036649577e-05, 'virtual_batch_size': 512, 'cat_emb_dim': 3, 'n_independent': 1, 'n_shared': 3, 'patience': 55, 'batch_size': 512}",2025-09-18 23:35:35.688112
94,0.48109628100560914,"{'n_d_a': 56, 'n_steps': 10, 'gamma': 2.4550967388672835, 'lambda_sparse': 3.130926598622456e-05, 'mask_type': 'sparsemax', 'learning_rate': 0.04087564041325855, 'weight_decay': 1.2301674289957601e-05, 'virtual_batch_size': 512, 'cat_emb_dim': 3, 'n_independent': 1, 'n_shared': 3, 'patience': 45, 'batch_size': 512}",2025-09-18 23:41:17.482858
95,0.46083190070049246,"{'n_d_a': 60, 'n_steps': 4, 'gamma': 2.8132011236331897, 'lambda_sparse': 5.677758857599164e-05, 'mask_type': 'sparsemax', 'learning_rate': 0.005525319982589225, 'weight_decay': 2.0907567814485085e-05, 'virtual_batch_size': 512, 'cat_emb_dim': 1, 'n_independent': 1, 'n_shared': 3, 'patience': 57, 'batch_size': 512}",2025-09-18 23:46:04.737025
96,0.4894469702442426,"{'n_d_a': 48, 'n_steps': 5, 'gamma': 2.5420543884117643, 'lambda_sparse': 5.784440740846382e-06, 'mask_type': 'sparsemax', 'learning_rate': 0.04316358907931059, 'weight_decay': 8.906386774639984e-06, 'virtual_batch_size': 128, 'cat_emb_dim': 3, 'n_independent': 4, 'n_shared': 3, 'patience': 53, 'batch_size': 512}",2025-09-18 23:49:56.111967
97,0.4864853764827996,"{'n_d_a': 28, 'n_steps': 3, 'gamma': 2.648553026275178, 'lambda_sparse': 2.7441167764232967e-05, 'mask_type': 'sparsemax', 'learning_rate': 0.049981206079109275, 'weight_decay': 4.1006888896700367e-05, 'virtual_batch_size': 512, 'cat_emb_dim': 3, 'n_independent': 1, 'n_shared': 3, 'patience': 59, 'batch_size': 512}",2025-09-19 00:01:24.619200
98,0.4572930367461132,"{'n_d_a': 52, 'n_steps': 4, 'gamma': 2.6999268106468555, 'lambda_sparse': 3.653017702861611e-06, 'mask_type': 'sparsemax', 'learning_rate': 0.036853445995365816, 'weight_decay': 9.950051232358348e-06, 'virtual_batch_size': 512, 'cat_emb_dim': 3, 'n_independent': 3, 'n_shared': 4, 'patience': 62, 'batch_size': 2048}",2025-09-19 00:05:58.352128
99,0.45070012184909247,"{'n_d_a': 24, 'n_steps': 3, 'gamma': 1.0887176895672765, 'lambda_sparse': 1.9693307409405554e-05, 'mask_type': 'sparsemax', 'learning_rate': 0.0010277856251205077, 'weight_decay': 1.8566988847173193e-05, 'virtual_batch_size': 256, 'cat_emb_dim': 2, 'n_independent': 1, 'n_shared': 3, 'patience': 64, 'batch_size': 512}",2025-09-19 00:08:05.605938
100,0.44254717498126933,"{'n_d_a': 32, 'n_steps': 5, 'gamma': 2.506998381635909, 'lambda_sparse': 2.2487781974862456e-06, 'mask_type': 'sparsemax', 'learning_rate': 0.0448299624102733, 'weight_decay': 3.329103348065686e-05, 'virtual_batch_size': 512, 'cat_emb_dim': 4, 'n_independent': 2, 'n_shared': 3, 'patience': 56, 'batch_size': 1024}",2025-09-19 00:12:27.891170
101,0.48007530684182315,"{'n_d_a': 48, 'n_steps': 5, 'gamma': 2.5604174303578198, 'lambda_sparse': 5.399294132519739e-06, 'mask_type': 'sparsemax', 'learning_rate': 0.04061052565190819, 'weight_decay': 8.876383253970507e-06, 'virtual_batch_size': 128, 'cat_emb_dim': 3, 'n_independent': 4, 'n_shared': 3, 'patience': 53, 'batch_size': 512}",2025-09-19 00:14:29.159449
102,0.46251085132410513,"{'n_d_a': 44, 'n_steps': 4, 'gamma': 2.4294196519497757, 'lambda_sparse': 4.361738465168595e-06, 'mask_type': 'sparsemax', 'learning_rate': 0.0316488836665421, 'weight_decay': 7.302612549288002e-06, 'virtual_batch_size': 128, 'cat_emb_dim': 3, 'n_independent': 4, 'n_shared': 3, 'patience': 54, 'batch_size': 512}",2025-09-19 00:23:24.688873
103,0.4780473502173271,"{'n_d_a': 48, 'n_steps': 5, 'gamma': 2.316154549743155, 'lambda_sparse': 5.940322777239387e-06, 'mask_type': 'sparsemax', 'learning_rate': 0.04662121226336739, 'weight_decay': 5.1576338985411985e-06, 'virtual_batch_size': 128, 'cat_emb_dim': 3, 'n_independent': 4, 'n_shared': 3, 'patience': 51, 'batch_size': 512}",2025-09-19 00:28:07.571969
104,0.49159401281893017,"{'n_d_a': 36, 'n_steps': 6, 'gamma': 2.6144437690081594, 'lambda_sparse': 2.791886528839285e-06, 'mask_type': 'sparsemax', 'learning_rate': 0.04155473347261046, 'weight_decay': 6.074382399947907e-06, 'virtual_batch_size': 128, 'cat_emb_dim': 3, 'n_independent': 4, 'n_shared': 3, 'patience': 52, 'batch_size': 512}",2025-09-19 00:39:56.798664
105,0.4723427034462418,"{'n_d_a': 36, 'n_steps': 7, 'gamma': 2.6272431091811552, 'lambda_sparse': 2.757953353782526e-06, 'mask_type': 'sparsemax', 'learning_rate': 0.03664569070446045, 'weight_decay': 6.538215475447024e-06, 'virtual_batch_size': 128, 'cat_emb_dim': 3, 'n_independent': 5, 'n_shared': 3, 'patience': 49, 'batch_size': 512}",2025-09-19 00:48:53.959990
106,0.4782828209858514,"{'n_d_a': 4, 'n_steps': 4, 'gamma': 2.3698081712744936, 'lambda_sparse': 2.0632224583157717e-06, 'mask_type': 'sparsemax', 'learning_rate': 0.033215365251570914, 'weight_decay': 1.604580246939236e-05, 'virtual_batch_size': 512, 'cat_emb_dim': 3, 'n_independent': 4, 'n_shared': 3, 'patience': 46, 'batch_size': 512}",2025-09-19 00:57:15.955507
107,0.48038381473287384,"{'n_d_a': 28, 'n_steps': 3, 'gamma': 2.591014732900352, 'lambda_sparse': 1.248605374684e-06, 'mask_type': 'sparsemax', 'learning_rate': 0.042027271654600885, 'weight_decay': 2.4905962305877422e-05, 'virtual_batch_size': 512, 'cat_emb_dim': 3, 'n_independent': 3, 'n_shared': 3, 'patience': 27, 'batch_size': 512}",2025-09-19 01:02:02.302788
108,0.478798510606889,"{'n_d_a': 8, 'n_steps': 6, 'gamma': 2.7396387430536624, 'lambda_sparse': 3.5326591144682387e-06, 'mask_type': 'entmax', 'learning_rate': 0.028714945443737882, 'weight_decay': 5.663058066198002e-06, 'virtual_batch_size': 512, 'cat_emb_dim': 2, 'n_independent': 1, 'n_shared': 3, 'patience': 55, 'batch_size': 512}",2025-09-19 01:04:16.413361
109,0.48296696977274745,"{'n_d_a': 40, 'n_steps': 3, 'gamma': 2.870769887754512, 'lambda_sparse': 1.592595628839344e-06, 'mask_type': 'sparsemax', 'learning_rate': 0.046280297405957516, 'weight_decay': 4.7691635141019815e-06, 'virtual_batch_size': 128, 'cat_emb_dim': 3, 'n_independent': 3, 'n_shared': 4, 'patience': 57, 'batch_size': 2048}",2025-09-19 01:09:50.097528
110,0.4523686739591839,"{'n_d_a': 12, 'n_steps': 3, 'gamma': 2.460226166999343, 'lambda_sparse': 2.5375335609774794e-06, 'mask_type': 'sparsemax', 'learning_rate': 0.0036247391999083213, 'weight_decay': 1.188808342768166e-05, 'virtual_batch_size': 512, 'cat_emb_dim': 2, 'n_independent': 1, 'n_shared': 3, 'patience': 59, 'batch_size': 512}",2025-09-19 01:15:59.153794
111,0.48243172581991267,"{'n_d_a': 44, 'n_steps': 6, 'gamma': 2.5604947442156294, 'lambda_sparse': 3.144449610950975e-06, 'mask_type': 'sparsemax', 'learning_rate': 0.04295281212054133, 'weight_decay': 7.847044950055129e-06, 'virtual_batch_size': 128, 'cat_emb_dim': 3, 'n_independent': 4, 'n_shared': 3, 'patience': 52, 'batch_size': 512}",2025-09-19 01:18:19.097538
112,0.4920367753185897,"{'n_d_a': 4, 'n_steps': 5, 'gamma': 2.526488478632886, 'lambda_sparse': 4.448926969982318e-06, 'mask_type': 'sparsemax', 'learning_rate': 0.03909567847023954, 'weight_decay': 9.902590784675839e-06, 'virtual_batch_size': 128, 'cat_emb_dim': 3, 'n_independent': 4, 'n_shared': 3, 'patience': 53, 'batch_size': 512}",2025-09-19 01:25:15.026499
113,0.48853537741170766,"{'n_d_a': 4, 'n_steps': 5, 'gamma': 2.5228478277026154, 'lambda_sparse': 1.9676526011835704e-06, 'mask_type': 'sparsemax', 'learning_rate': 0.037754245896451204, 'weight_decay': 1.339223923890427e-05, 'virtual_batch_size': 128, 'cat_emb_dim': 3, 'n_independent': 4, 'n_shared': 3, 'patience': 43, 'batch_size': 512}",2025-09-19 01:36:55.762136
114,0.48292778914821993,"{'n_d_a': 4, 'n_steps': 4, 'gamma': 2.6844720936142252, 'lambda_sparse': 1.0699083931330804e-05, 'mask_type': 'sparsemax', 'learning_rate': 0.03876218601327786, 'weight_decay': 1.033173948286615e-05, 'virtual_batch_size': 128, 'cat_emb_dim': 3, 'n_independent': 4, 'n_shared': 3, 'patience': 51, 'batch_size': 512}",2025-09-19 01:43:03.366363
115,0.4526797574372548,"{'n_d_a': 8, 'n_steps': 4, 'gamma': 2.6280420742599224, 'lambda_sparse': 4.0505964332367905e-05, 'mask_type': 'sparsemax', 'learning_rate': 0.03127501055009395, 'weight_decay': 5.906749609731872e-06, 'virtual_batch_size': 128, 'cat_emb_dim': 3, 'n_independent': 4, 'n_shared': 2, 'patience': 55, 'batch_size': 512}",2025-09-19 01:46:57.259465
116,0.4722260704831484,"{'n_d_a': 4, 'n_steps': 6, 'gamma': 2.488591196320934, 'lambda_sparse': 4.349446437377676e-06, 'mask_type': 'sparsemax', 'learning_rate': 0.046815925085433314, 'weight_decay': 1.4920116847596633e-05, 'virtual_batch_size': 512, 'cat_emb_dim': 3, 'n_independent': 3, 'n_shared': 3, 'patience': 60, 'batch_size': 512}",2025-09-19 01:53:11.449995
117,0.4668146966959738,"{'n_d_a': 64, 'n_steps': 4, 'gamma': 1.8907309891424005, 'lambda_sparse': 2.9733179590174446e-06, 'mask_type': 'sparsemax', 'learning_rate': 0.03521279750103531, 'weight_decay': 2.7652315227714776e-05, 'virtual_batch_size': 512, 'cat_emb_dim': 3, 'n_independent': 4, 'n_shared': 1, 'patience': 38, 'batch_size': 512}",2025-09-19 01:59:49.096918
118,0.48790177260591877,"{'n_d_a': 8, 'n_steps': 3, 'gamma': 2.3877336029748797, 'lambda_sparse': 6.553318608636219e-06, 'mask_type': 'sparsemax', 'learning_rate': 0.04992040931007789, 'weight_decay': 9.452389666320358e-06, 'virtual_batch_size': 512, 'cat_emb_dim': 4, 'n_independent': 1, 'n_shared': 3, 'patience': 47, 'batch_size': 512}",2025-09-19 02:05:04.186316
119,0.4726554369507167,"{'n_d_a': 32, 'n_steps': 4, 'gamma': 2.596358840464793, 'lambda_sparse': 2.4748383279354533e-06, 'mask_type': 'sparsemax', 'learning_rate': 0.024364604376922377, 'weight_decay': 1.1752554784076237e-05, 'virtual_batch_size': 512, 'cat_emb_dim': 2, 'n_independent': 3, 'n_shared': 3, 'patience': 50, 'batch_size': 512}",2025-09-19 02:08:43.429057
120,0.46810784592297194,"{'n_d_a': 8, 'n_steps': 7, 'gamma': 1.3675433798742713, 'lambda_sparse': 2.2329690625331543e-05, 'mask_type': 'sparsemax', 'learning_rate': 0.04071332743472394, 'weight_decay': 7.044823171794125e-06, 'virtual_batch_size': 256, 'cat_emb_dim': 3, 'n_independent': 1, 'n_shared': 3, 'patience': 58, 'batch_size': 2048}",2025-09-19 02:13:25.457835
121,0.47953036909405694,"{'n_d_a': 52, 'n_steps': 5, 'gamma': 2.5411018328457216, 'lambda_sparse': 4.995098514449203e-06, 'mask_type': 'sparsemax', 'learning_rate': 0.04453072556578933, 'weight_decay': 8.295137339301364e-06, 'virtual_batch_size': 128, 'cat_emb_dim': 3, 'n_independent': 4, 'n_shared': 3, 'patience': 53, 'batch_size': 512}",2025-09-19 02:18:39.738567
122,0.4915711118108624,"{'n_d_a': 48, 'n_steps': 5, 'gamma': 2.429088661876325, 'lambda_sparse': 3.4620226854891993e-06, 'mask_type': 'sparsemax', 'learning_rate': 0.04280513674636533, 'weight_decay': 9.142715272932868e-06, 'virtual_batch_size': 128, 'cat_emb_dim': 3, 'n_independent': 4, 'n_shared': 3, 'patience': 56, 'batch_size': 512}",2025-09-19 02:27:21.440848
123,0.4922803625719781,"{'n_d_a': 4, 'n_steps': 3, 'gamma': 2.4324053047178302, 'lambda_sparse': 3.410447118800032e-06, 'mask_type': 'sparsemax', 'learning_rate': 0.039219072904522576, 'weight_decay': 1.0422551080554245e-05, 'virtual_batch_size': 128, 'cat_emb_dim': 3, 'n_independent': 4, 'n_shared': 3, 'patience': 54, 'batch_size': 512}",2025-09-19 02:39:07.230233
124,0.491357694525919,"{'n_d_a': 4, 'n_steps': 3, 'gamma': 2.4479874864978464, 'lambda_sparse': 3.591688141474719e-06, 'mask_type': 'sparsemax', 'learning_rate': 0.03361059860056462, 'weight_decay': 1.041926097542402e-05, 'virtual_batch_size': 128, 'cat_emb_dim': 3, 'n_independent': 4, 'n_shared': 3, 'patience': 56, 'batch_size': 512}",2025-09-19 02:47:47.972478
125,0.4870767319408902,"{'n_d_a': 4, 'n_steps': 3, 'gamma': 2.4163953101654156, 'lambda_sparse': 3.626971073362214e-06, 'mask_type': 'sparsemax', 'learning_rate': 0.035580871781516143, 'weight_decay': 1.060974273586483e-05, 'virtual_batch_size': 128, 'cat_emb_dim': 3, 'n_independent': 4, 'n_shared': 3, 'patience': 56, 'batch_size': 512}",2025-09-19 02:55:34.992629
126,0.4846600479285592,"{'n_d_a': 4, 'n_steps': 3, 'gamma': 2.334416945062825, 'lambda_sparse': 1.4315067425139072e-06, 'mask_type': 'sparsemax', 'learning_rate': 0.038661666164600976, 'weight_decay': 7.6173805059012355e-06, 'virtual_batch_size': 128, 'cat_emb_dim': 3, 'n_independent': 4, 'n_shared': 3, 'patience': 54, 'batch_size': 512}",2025-09-19 03:03:33.657244
127,0.4814138036295854,"{'n_d_a': 4, 'n_steps': 3, 'gamma': 2.2357944815631083, 'lambda_sparse': 1.7901235650251574e-06, 'mask_type': 'sparsemax', 'learning_rate': 0.031964119063599535, 'weight_decay': 2.20436445535027e-05, 'virtual_batch_size': 128, 'cat_emb_dim': 3, 'n_independent': 4, 'n_shared': 3, 'patience': 56, 'batch_size': 512}",2025-09-19 03:13:40.365070
128,0.48933524888259283,"{'n_d_a': 4, 'n_steps': 6, 'gamma': 2.3004080546790475, 'lambda_sparse': 2.1859492130818084e-06, 'mask_type': 'sparsemax', 'learning_rate': 0.041346045694662936, 'weight_decay': 9.355191405716061e-06, 'virtual_batch_size': 128, 'cat_emb_dim': 3, 'n_independent': 4, 'n_shared': 3, 'patience': 57, 'batch_size': 512}",2025-09-19 03:18:20.947112
129,0.4495258607189378,"{'n_d_a': 8, 'n_steps': 3, 'gamma': 2.488298341817433, 'lambda_sparse': 2.9322301576621855e-06, 'mask_type': 'entmax', 'learning_rate': 0.0013820783469869575, 'weight_decay': 4.023136694961177e-06, 'virtual_batch_size': 128, 'cat_emb_dim': 3, 'n_independent': 4, 'n_shared': 3, 'patience': 52, 'batch_size': 1024}",2025-09-19 03:34:15.003099
130,0.4712784447079515,"{'n_d_a': 4, 'n_steps': 3, 'gamma': 2.4445012303567433, 'lambda_sparse': 2.5960066810337413e-06, 'mask_type': 'sparsemax', 'learning_rate': 0.04642073380664308, 'weight_decay': 1.3504363607336216e-05, 'virtual_batch_size': 128, 'cat_emb_dim': 3, 'n_independent': 4, 'n_shared': 4, 'patience': 54, 'batch_size': 512}",2025-09-19 03:41:34.203925
131,0.48810526244444397,"{'n_d_a': 12, 'n_steps': 4, 'gamma': 2.3843795642094765, 'lambda_sparse': 3.3429497375157233e-06, 'mask_type': 'sparsemax', 'learning_rate': 0.03347305944644941, 'weight_decay': 1.211635071327474e-05, 'virtual_batch_size': 128, 'cat_emb_dim': 3, 'n_independent': 4, 'n_shared': 3, 'patience': 58, 'batch_size': 512}",2025-09-19 03:46:03.515975
132,0.46894323649469033,"{'n_d_a': 8, 'n_steps': 4, 'gamma': 2.448919550622252, 'lambda_sparse': 4.015960405795776e-06, 'mask_type': 'sparsemax', 'learning_rate': 0.029738287842529514, 'weight_decay': 1.0696049589150361e-05, 'virtual_batch_size': 128, 'cat_emb_dim': 3, 'n_independent': 4, 'n_shared': 3, 'patience': 55, 'batch_size': 512}",2025-09-19 03:57:51.152849
133,0.4932042671095573,"{'n_d_a': 4, 'n_steps': 3, 'gamma': 2.5116929182904077, 'lambda_sparse': 4.320379894210087e-06, 'mask_type': 'sparsemax', 'learning_rate': 0.03701772053860382, 'weight_decay': 1.6687825300072096e-05, 'virtual_batch_size': 128, 'cat_emb_dim': 3, 'n_independent': 4, 'n_shared': 3, 'patience': 57, 'batch_size': 512}",2025-09-19 04:03:03.130931
134,0.492256657049869,"{'n_d_a': 4, 'n_steps': 3, 'gamma': 2.518870595234003, 'lambda_sparse': 4.243459262328209e-06, 'mask_type': 'sparsemax', 'learning_rate': 0.039597794901356995, 'weight_decay': 1.716492486765083e-05, 'virtual_batch_size': 128, 'cat_emb_dim': 3, 'n_independent': 4, 'n_shared': 3, 'patience': 60, 'batch_size': 512}",2025-09-19 04:07:41.191890
135,0.4856356003869529,"{'n_d_a': 4, 'n_steps': 3, 'gamma': 2.4935027783365253, 'lambda_sparse': 4.538368573209141e-06, 'mask_type': 'sparsemax', 'learning_rate': 0.03689382127429929, 'weight_decay': 1.5330818862808856e-05, 'virtual_batch_size': 128, 'cat_emb_dim': 3, 'n_independent': 4, 'n_shared': 3, 'patience': 61, 'batch_size': 512}",2025-09-19 04:12:37.574357
136,0.47703516779009886,"{'n_d_a': 4, 'n_steps': 3, 'gamma': 2.576023052605177, 'lambda_sparse': 3.850701499726346e-06, 'mask_type': 'sparsemax', 'learning_rate': 0.034584103225871916, 'weight_decay': 1.7075612607326295e-05, 'virtual_batch_size': 128, 'cat_emb_dim': 3, 'n_independent': 4, 'n_shared': 3, 'patience': 59, 'batch_size': 512}",2025-09-19 04:18:09.734757
137,0.47114449123311825,"{'n_d_a': 24, 'n_steps': 3, 'gamma': 2.646397458974622, 'lambda_sparse': 7.619932929726575e-06, 'mask_type': 'sparsemax', 'learning_rate': 0.03961266250576383, 'weight_decay': 1.963474882380016e-05, 'virtual_batch_size': 128, 'cat_emb_dim': 3, 'n_independent': 4, 'n_shared': 3, 'patience': 60, 'batch_size': 512}",2025-09-19 04:23:18.192393
138,0.4869055702994656,"{'n_d_a': 28, 'n_steps': 3, 'gamma': 2.5193180037987735, 'lambda_sparse': 4.967625197259978e-06, 'mask_type': 'sparsemax', 'learning_rate': 0.04987324806799291, 'weight_decay': 2.2030470035524172e-05, 'virtual_batch_size': 128, 'cat_emb_dim': 3, 'n_independent': 4, 'n_shared': 3, 'patience': 56, 'batch_size': 512}",2025-09-19 04:32:51.053982
139,0.4807522102154363,"{'n_d_a': 8, 'n_steps': 3, 'gamma': 2.4199573731350537, 'lambda_sparse': 3.3351150277139522e-06, 'mask_type': 'sparsemax', 'learning_rate': 0.04399134323766123, 'weight_decay': 2.9377651468329366e-05, 'virtual_batch_size': 128, 'cat_emb_dim': 3, 'n_independent': 4, 'n_shared': 3, 'patience': 62, 'batch_size': 2048}",2025-09-19 04:37:54.425669
140,0.477565251349956,"{'n_d_a': 20, 'n_steps': 3, 'gamma': 2.6115581371572194, 'lambda_sparse': 2.840308843632673e-06, 'mask_type': 'sparsemax', 'learning_rate': 0.02646320374624748, 'weight_decay': 1.868675632792603e-05, 'virtual_batch_size': 128, 'cat_emb_dim': 3, 'n_independent': 4, 'n_shared': 3, 'patience': 57, 'batch_size': 512}",2025-09-19 04:41:49.833283
141,0.4922118534188453,"{'n_d_a': 4, 'n_steps': 3, 'gamma': 2.5465263783384575, 'lambda_sparse': 2.3624525942853138e-06, 'mask_type': 'sparsemax', 'learning_rate': 0.041266494720559016, 'weight_decay': 1.3861845324421665e-05, 'virtual_batch_size': 128, 'cat_emb_dim': 3, 'n_independent': 4, 'n_shared': 3, 'patience': 58, 'batch_size': 512}",2025-09-19 04:52:00.974123
142,0.4918917240589553,"{'n_d_a': 4, 'n_steps': 3, 'gamma': 2.562893819491167, 'lambda_sparse': 2.3863622896654655e-06, 'mask_type': 'sparsemax', 'learning_rate': 0.040481480380240305, 'weight_decay': 1.4381294967348705e-05, 'virtual_batch_size': 128, 'cat_emb_dim': 3, 'n_independent': 4, 'n_shared': 3, 'patience': 58, 'batch_size': 512}",2025-09-19 05:02:09.727516
143,0.4920764238882061,"{'n_d_a': 4, 'n_steps': 3, 'gamma': 2.4848732613263453, 'lambda_sparse': 2.156620560866758e-06, 'mask_type': 'sparsemax', 'learning_rate': 0.039312066338518276, 'weight_decay': 1.4239334274860911e-05, 'virtual_batch_size': 128, 'cat_emb_dim': 3, 'n_independent': 4, 'n_shared': 3, 'patience': 58, 'batch_size': 512}",2025-09-19 05:09:49.835927
144,0.48614257496278307,"{'n_d_a': 4, 'n_steps': 3, 'gamma': 2.4714842984790644, 'lambda_sparse': 2.0143622556716596e-06, 'mask_type': 'sparsemax', 'learning_rate': 0.0404632988887865, 'weight_decay': 1.4631225885493788e-05, 'virtual_batch_size': 128, 'cat_emb_dim': 3, 'n_independent': 4, 'n_shared': 3, 'patience': 58, 'batch_size': 512}",2025-09-19 05:16:10.809008
145,0.4937367951528369,"{'n_d_a': 4, 'n_steps': 3, 'gamma': 2.3618708443026306, 'lambda_sparse': 2.3864364937358318e-06, 'mask_type': 'sparsemax', 'learning_rate': 0.04236207147538294, 'weight_decay': 1.6971679533944702e-05, 'virtual_batch_size': 128, 'cat_emb_dim': 3, 'n_independent': 4, 'n_shared': 3, 'patience': 59, 'batch_size': 512}",2025-09-19 05:19:47.308090
146,0.48821476884059295,"{'n_d_a': 4, 'n_steps': 3, 'gamma': 2.360381038406154, 'lambda_sparse': 2.309906066216696e-06, 'mask_type': 'sparsemax', 'learning_rate': 0.04302849731636412, 'weight_decay': 1.3530862851450557e-05, 'virtual_batch_size': 128, 'cat_emb_dim': 3, 'n_independent': 4, 'n_shared': 3, 'patience': 58, 'batch_size': 512}",2025-09-19 05:24:48.586395
147,0.48582872756857576,"{'n_d_a': 4, 'n_steps': 3, 'gamma': 2.2796880269863777, 'lambda_sparse': 2.519243369544578e-06, 'mask_type': 'sparsemax', 'learning_rate': 0.03769336323447056, 'weight_decay': 1.700605206348426e-05, 'virtual_batch_size': 128, 'cat_emb_dim': 3, 'n_independent': 4, 'n_shared': 3, 'patience': 59, 'batch_size': 512}",2025-09-19 05:31:58.623515
148,0.4902425403212254,"{'n_d_a': 4, 'n_steps': 3, 'gamma': 1.68821981985037, 'lambda_sparse': 4.246986733377139e-06, 'mask_type': 'sparsemax', 'learning_rate': 0.04106392021246728, 'weight_decay': 1.5433054619089975e-05, 'virtual_batch_size': 128, 'cat_emb_dim': 3, 'n_independent': 4, 'n_shared': 3, 'patience': 57, 'batch_size': 512}",2025-09-19 05:37:25.136924
149,0.47346423558943673,"{'n_d_a': 8, 'n_steps': 3, 'gamma': 2.4039355106094775, 'lambda_sparse': 1.7330608343947658e-06, 'mask_type': 'sparsemax', 'learning_rate': 0.036200062294295045, 'weight_decay': 1.1562636753555886e-05, 'virtual_batch_size': 128, 'cat_emb_dim': 3, 'n_independent': 4, 'n_shared': 3, 'patience': 54, 'batch_size': 512}",2025-09-19 05:43:28.017915
150,0.4890192225505892,"{'n_d_a': 4, 'n_steps': 3, 'gamma': 2.1255754733951147, 'lambda_sparse': 3.3172770579395566e-06, 'mask_type': 'sparsemax', 'learning_rate': 0.046266323621996876, 'weight_decay': 1.2958215998319678e-05, 'virtual_batch_size': 128, 'cat_emb_dim': 3, 'n_independent': 4, 'n_shared': 5, 'patience': 61, 'batch_size': 512}",2025-09-19 05:48:39.591127
151,0.4758965396606431,"{'n_d_a': 8, 'n_steps': 3, 'gamma': 2.528690213474785, 'lambda_sparse': 3.0687493610369948e-06, 'mask_type': 'sparsemax', 'learning_rate': 0.038807430635658856, 'weight_decay': 1.797842590309341e-05, 'virtual_batch_size': 128, 'cat_emb_dim': 3, 'n_independent': 4, 'n_shared': 3, 'patience': 59, 'batch_size': 512}",2025-09-19 05:55:34.977852
152,0.4832228187816538,"{'n_d_a': 4, 'n_steps': 3, 'gamma': 2.4627059799960835, 'lambda_sparse': 2.714423498541591e-06, 'mask_type': 'sparsemax', 'learning_rate': 0.013623116839696475, 'weight_decay': 1.6271758642754974e-05, 'virtual_batch_size': 128, 'cat_emb_dim': 3, 'n_independent': 4, 'n_shared': 3, 'patience': 56, 'batch_size': 512}",2025-09-19 06:01:28.783956
153,0.4772613702557205,"{'n_d_a': 4, 'n_steps': 3, 'gamma': 2.602397442961855, 'lambda_sparse': 3.803195375499495e-06, 'mask_type': 'sparsemax', 'learning_rate': 0.04295125813216962, 'weight_decay': 1.4625900712530914e-05, 'virtual_batch_size': 128, 'cat_emb_dim': 3, 'n_independent': 4, 'n_shared': 2, 'patience': 60, 'batch_size': 512}",2025-09-19 06:06:58.607193
154,0.46639622784892126,"{'n_d_a': 8, 'n_steps': 3, 'gamma': 2.6726844217671855, 'lambda_sparse': 2.021008444630642e-06, 'mask_type': 'sparsemax', 'learning_rate': 0.03316891451282962, 'weight_decay': 2.0552962201205454e-05, 'virtual_batch_size': 128, 'cat_emb_dim': 3, 'n_independent': 4, 'n_shared': 3, 'patience': 63, 'batch_size': 512}",2025-09-19 06:16:08.581960
155,0.4674219759078669,"{'n_d_a': 32, 'n_steps': 3, 'gamma': 2.5638559075987097, 'lambda_sparse': 2.36609330386203e-06, 'mask_type': 'sparsemax', 'learning_rate': 0.049945138699912815, 'weight_decay': 1.006598446430178e-05, 'virtual_batch_size': 128, 'cat_emb_dim': 3, 'n_independent': 4, 'n_shared': 4, 'patience': 58, 'batch_size': 512}",2025-09-19 06:20:43.301952
156,0.47181317314321086,"{'n_d_a': 16, 'n_steps': 3, 'gamma': 2.5084113537559425, 'lambda_sparse': 2.9015078085289586e-06, 'mask_type': 'sparsemax', 'learning_rate': 0.030905485040144356, 'weight_decay': 1.114737085095877e-05, 'virtual_batch_size': 128, 'cat_emb_dim': 3, 'n_independent': 4, 'n_shared': 3, 'patience': 55, 'batch_size': 512}",2025-09-19 06:24:50.364804
157,0.4676875686200672,"{'n_d_a': 4, 'n_steps': 3, 'gamma': 2.356986237203005, 'lambda_sparse': 5.375048426810701e-06, 'mask_type': 'entmax', 'learning_rate': 0.03899445061494197, 'weight_decay': 1.3762502441590005e-05, 'virtual_batch_size': 128, 'cat_emb_dim': 3, 'n_independent': 4, 'n_shared': 3, 'patience': 60, 'batch_size': 2048}",2025-09-19 06:30:52.223248
158,0.46293470430097977,"{'n_d_a': 8, 'n_steps': 3, 'gamma': 2.431144943427345, 'lambda_sparse': 3.6177501226551504e-06, 'mask_type': 'sparsemax', 'learning_rate': 0.04397835520559712, 'weight_decay': 1.2467664480239443e-05, 'virtual_batch_size': 128, 'cat_emb_dim': 3, 'n_independent': 4, 'n_shared': 3, 'patience': 57, 'batch_size': 1024}",2025-09-19 06:37:00.900250
159,0.47652009012014523,"{'n_d_a': 4, 'n_steps': 7, 'gamma': 2.551805519388072, 'lambda_sparse': 4.754634512979099e-06, 'mask_type': 'sparsemax', 'learning_rate': 0.035925538802094384, 'weight_decay': 8.360054691963435e-06, 'virtual_batch_size': 128, 'cat_emb_dim': 3, 'n_independent': 4, 'n_shared': 3, 'patience': 22, 'batch_size': 512}",2025-09-19 06:39:40.721907
160,0.4881454542061088,"{'n_d_a': 4, 'n_steps': 3, 'gamma': 2.474160715991875, 'lambda_sparse': 1.8679550628104197e-06, 'mask_type': 'sparsemax', 'learning_rate': 0.04114775294603997, 'weight_decay': 1.8362894626271082e-05, 'virtual_batch_size': 128, 'cat_emb_dim': 3, 'n_independent': 5, 'n_shared': 4, 'patience': 62, 'batch_size': 512}",2025-09-19 06:47:27.371438
161,0.4867074813598988,"{'n_d_a': 4, 'n_steps': 3, 'gamma': 2.5049723724369897, 'lambda_sparse': 2.4588399625562e-06, 'mask_type': 'sparsemax', 'learning_rate': 0.03445999445638645, 'weight_decay': 1.6372831406422358e-05, 'virtual_batch_size': 128, 'cat_emb_dim': 3, 'n_independent': 4, 'n_shared': 3, 'patience': 59, 'batch_size': 512}",2025-09-19 06:55:27.622350
162,0.4900876855338834,"{'n_d_a': 4, 'n_steps': 3, 'gamma': 2.596980146002707, 'lambda_sparse': 2.091337819821318e-06, 'mask_type': 'sparsemax', 'learning_rate': 0.04648592081063263, 'weight_decay': 2.48749360325566e-05, 'virtual_batch_size': 128, 'cat_emb_dim': 3, 'n_independent': 4, 'n_shared': 3, 'patience': 60, 'batch_size': 512}",2025-09-19 06:59:26.991783
163,0.4691709691704758,"{'n_d_a': 8, 'n_steps': 3, 'gamma': 2.7159428347846517, 'lambda_sparse': 1.5792334434861596e-06, 'mask_type': 'sparsemax', 'learning_rate': 0.0374376030534412, 'weight_decay': 9.515138758167272e-06, 'virtual_batch_size': 128, 'cat_emb_dim': 3, 'n_independent': 4, 'n_shared': 3, 'patience': 61, 'batch_size': 512}",2025-09-19 07:08:21.657747
164,0.48941622615243396,"{'n_d_a': 4, 'n_steps': 3, 'gamma': 2.393571699680326, 'lambda_sparse': 3.19802721527203e-06, 'mask_type': 'sparsemax', 'learning_rate': 0.030107599250128556, 'weight_decay': 3.378469830261929e-05, 'virtual_batch_size': 128, 'cat_emb_dim': 3, 'n_independent': 4, 'n_shared': 3, 'patience': 53, 'batch_size': 512}",2025-09-19 07:18:34.366906
165,0.47488977007887767,"{'n_d_a': 8, 'n_steps': 3, 'gamma': 2.5331726737619875, 'lambda_sparse': 4.099854259209119e-06, 'mask_type': 'sparsemax', 'learning_rate': 0.04160459440893544, 'weight_decay': 1.4364694330583729e-05, 'virtual_batch_size': 128, 'cat_emb_dim': 3, 'n_independent': 4, 'n_shared': 3, 'patience': 56, 'batch_size': 512}",2025-09-19 07:24:22.135254
166,0.2995143542588798,"{'n_d_a': 4, 'n_steps': 3, 'gamma': 2.4545681154734442, 'lambda_sparse': 2.789312687005023e-06, 'mask_type': 'sparsemax', 'learning_rate': 0.03268284670348434, 'weight_decay': 1.0906012211413465e-05, 'virtual_batch_size': 128, 'cat_emb_dim': 3, 'n_independent': 4, 'n_shared': 3, 'patience': 58, 'batch_size': 512}",2025-09-19 07:33:26.568482
167,0.48555285935746983,"{'n_d_a': 36, 'n_steps': 3, 'gamma': 2.627251071064443, 'lambda_sparse': 2.2655419376572867e-06, 'mask_type': 'sparsemax', 'learning_rate': 0.04542631045892351, 'weight_decay': 1.964266628375541e-05, 'virtual_batch_size': 256, 'cat_emb_dim': 4, 'n_independent': 5, 'n_shared': 3, 'patience': 64, 'batch_size': 512}",2025-09-19 07:37:15.257015
168,0.4779633668344585,"{'n_d_a': 28, 'n_steps': 3, 'gamma': 2.3290849269933718, 'lambda_sparse': 6.357710666010913e-06, 'mask_type': 'sparsemax', 'learning_rate': 0.03827827394475365, 'weight_decay': 2.2696776715545204e-05, 'virtual_batch_size': 128, 'cat_emb_dim': 3, 'n_independent': 4, 'n_shared': 3, 'patience': 54, 'batch_size': 512}",2025-09-19 07:44:51.306453
169,0.4559265589402181,"{'n_d_a': 4, 'n_steps': 6, 'gamma': 2.4901635272626677, 'lambda_sparse': 3.4842048121858527e-06, 'mask_type': 'sparsemax', 'learning_rate': 0.03436695563153235, 'weight_decay': 1.2796135772383652e-05, 'virtual_batch_size': 128, 'cat_emb_dim': 3, 'n_independent': 4, 'n_shared': 3, 'patience': 57, 'batch_size': 512}",2025-09-19 07:50:14.548341
170,0.46471092567625855,"{'n_d_a': 12, 'n_steps': 3, 'gamma': 2.5677863600300492, 'lambda_sparse': 2.615045413646923e-06, 'mask_type': 'sparsemax', 'learning_rate': 0.042594617066032, 'weight_decay': 4.397005546503107e-05, 'virtual_batch_size': 128, 'cat_emb_dim': 3, 'n_independent': 4, 'n_shared': 3, 'patience': 61, 'batch_size': 2048}",2025-09-19 07:57:29.893525
171,0.49063366843890116,"{'n_d_a': 48, 'n_steps': 3, 'gamma': 2.565643166964277, 'lambda_sparse': 1.5460904118434285e-05, 'mask_type': 'sparsemax', 'learning_rate': 0.04739725812925887, 'weight_decay': 1.2637629792353677e-05, 'virtual_batch_size': 128, 'cat_emb_dim': 3, 'n_independent': 4, 'n_shared': 3, 'patience': 55, 'batch_size': 512}",2025-09-19 08:03:41.205372
172,0.47240028250174443,"{'n_d_a': 44, 'n_steps': 3, 'gamma': 2.6578091840325397, 'lambda_sparse': 1.835790130834423e-06, 'mask_type': 'sparsemax', 'learning_rate': 0.002168766271168016, 'weight_decay': 1.218358071406236e-05, 'virtual_batch_size': 128, 'cat_emb_dim': 3, 'n_independent': 4, 'n_shared': 3, 'patience': 55, 'batch_size': 512}",2025-09-19 08:13:24.334046
173,0.4838166159095783,"{'n_d_a': 8, 'n_steps': 3, 'gamma': 2.5173010892687673, 'lambda_sparse': 2.2573252151195617e-06, 'mask_type': 'sparsemax', 'learning_rate': 0.046197019319447696, 'weight_decay': 1.556783378031177e-05, 'virtual_batch_size': 128, 'cat_emb_dim': 3, 'n_independent': 4, 'n_shared': 3, 'patience': 59, 'batch_size': 512}",2025-09-19 08:18:25.170502
174,0.4928087462205301,"{'n_d_a': 4, 'n_steps': 3, 'gamma': 2.4282599320852256, 'lambda_sparse': 1.7528794446058915e-05, 'mask_type': 'sparsemax', 'learning_rate': 0.049972488564963995, 'weight_decay': 8.986926616666846e-06, 'virtual_batch_size': 128, 'cat_emb_dim': 3, 'n_independent': 4, 'n_shared': 3, 'patience': 52, 'batch_size': 512}",2025-09-19 08:23:08.398390
175,0.49134293706241783,"{'n_d_a': 4, 'n_steps': 3, 'gamma': 2.434207944226921, 'lambda_sparse': 3.0356214306538876e-06, 'mask_type': 'sparsemax', 'learning_rate': 0.040505673345010144, 'weight_decay': 8.688122986697958e-06, 'virtual_batch_size': 128, 'cat_emb_dim': 3, 'n_independent': 4, 'n_shared': 3, 'patience': 52, 'batch_size': 512}",2025-09-19 08:29:43.880792
176,0.48724575472000936,"{'n_d_a': 4, 'n_steps': 5, 'gamma': 2.4186755637455195, 'lambda_sparse': 4.48225844141713e-06, 'mask_type': 'sparsemax', 'learning_rate': 0.0399506594542632, 'weight_decay': 8.579950342764192e-06, 'virtual_batch_size': 128, 'cat_emb_dim': 3, 'n_independent': 4, 'n_shared': 3, 'patience': 52, 'batch_size': 512}",2025-09-19 08:36:42.012523
177,0.4872856125110341,"{'n_d_a': 4, 'n_steps': 3, 'gamma': 2.360018969581515, 'lambda_sparse': 1.3285706120602374e-05, 'mask_type': 'sparsemax', 'learning_rate': 0.04348353323766138, 'weight_decay': 9.735133909753929e-06, 'virtual_batch_size': 128, 'cat_emb_dim': 3, 'n_independent': 4, 'n_shared': 3, 'patience': 51, 'batch_size': 512}",2025-09-19 08:47:10.247428
178,0.485980511038184,"{'n_d_a': 4, 'n_steps': 3, 'gamma': 2.443126416963476, 'lambda_sparse': 3.116418626434453e-06, 'mask_type': 'sparsemax', 'learning_rate': 0.008461438035483222, 'weight_decay': 8.687477280596252e-06, 'virtual_batch_size': 128, 'cat_emb_dim': 3, 'n_independent': 4, 'n_shared': 3, 'patience': 50, 'batch_size': 512}",2025-09-19 08:53:46.585929
179,0.46494404313605314,"{'n_d_a': 8, 'n_steps': 3, 'gamma': 2.4049463526528476, 'lambda_sparse': 0.00020851986522306502, 'mask_type': 'sparsemax', 'learning_rate': 0.048794965019955956, 'weight_decay': 7.4431653942053e-06, 'virtual_batch_size': 128, 'cat_emb_dim': 3, 'n_independent': 4, 'n_shared': 3, 'patience': 52, 'batch_size': 512}",2025-09-19 08:59:07.692599
180,0.47592686786732413,"{'n_d_a': 32, 'n_steps': 3, 'gamma': 2.4718146056844614, 'lambda_sparse': 3.877816304057481e-06, 'mask_type': 'sparsemax', 'learning_rate': 0.036663971743539865, 'weight_decay': 1.1006151743646836e-05, 'virtual_batch_size': 128, 'cat_emb_dim': 3, 'n_independent': 4, 'n_shared': 3, 'patience': 53, 'batch_size': 512}",2025-09-19 09:07:19.338263
181,0.4905753251978872,"{'n_d_a': 4, 'n_steps': 3, 'gamma': 2.5003480133447447, 'lambda_sparse': 2.888410349634366e-06, 'mask_type': 'sparsemax', 'learning_rate': 0.03984688914435101, 'weight_decay': 9.272944389049222e-06, 'virtual_batch_size': 128, 'cat_emb_dim': 3, 'n_independent': 3, 'n_shared': 3, 'patience': 58, 'batch_size': 512}",2025-09-19 09:13:58.951344
182,0.4903851538232251,"{'n_d_a': 4, 'n_steps': 3, 'gamma': 2.4401764354907947, 'lambda_sparse': 3.4131676995426877e-06, 'mask_type': 'sparsemax', 'learning_rate': 0.043095666205277355, 'weight_decay': 1.0270040274451934e-05, 'virtual_batch_size': 128, 'cat_emb_dim': 3, 'n_independent': 4, 'n_shared': 3, 'patience': 50, 'batch_size': 512}",2025-09-19 09:23:07.767514
183,0.4904605827996192,"{'n_d_a': 4, 'n_steps': 3, 'gamma': 2.5458807231413974, 'lambda_sparse': 2.494581789185827e-06, 'mask_type': 'sparsemax', 'learning_rate': 0.03606776118612804, 'weight_decay': 7.812881089377986e-06, 'virtual_batch_size': 128, 'cat_emb_dim': 3, 'n_independent': 4, 'n_shared': 3, 'patience': 56, 'batch_size': 512}",2025-09-19 09:30:01.874328
184,0.4569156548049291,"{'n_d_a': 8, 'n_steps': 3, 'gamma': 1.9985345538516261, 'lambda_sparse': 2.1064536328286265e-06, 'mask_type': 'sparsemax', 'learning_rate': 0.03960657956474317, 'weight_decay': 1.4011929807872235e-05, 'virtual_batch_size': 128, 'cat_emb_dim': 3, 'n_independent': 4, 'n_shared': 3, 'patience': 57, 'batch_size': 512}",2025-09-19 09:37:00.662815
185,0.49244788236534087,"{'n_d_a': 4, 'n_steps': 3, 'gamma': 2.3047316256748185, 'lambda_sparse': 2.770768271392508e-06, 'mask_type': 'sparsemax', 'learning_rate': 0.0445619823511291, 'weight_decay': 1.6693335303535192e-05, 'virtual_batch_size': 128, 'cat_emb_dim': 3, 'n_independent': 4, 'n_shared': 3, 'patience': 60, 'batch_size': 512}",2025-09-19 09:42:40.654671
186,0.49241276743109036,"{'n_d_a': 4, 'n_steps': 3, 'gamma': 2.2935226637516894, 'lambda_sparse': 5.57785914534004e-06, 'mask_type': 'entmax', 'learning_rate': 0.049712335311195184, 'weight_decay': 1.7080987878574556e-05, 'virtual_batch_size': 128, 'cat_emb_dim': 3, 'n_independent': 4, 'n_shared': 3, 'patience': 54, 'batch_size': 512}",2025-09-19 09:52:53.591055
187,0.4826854334897878,"{'n_d_a': 4, 'n_steps': 3, 'gamma': 2.239542927647925, 'lambda_sparse': 5.216731703222415e-06, 'mask_type': 'entmax', 'learning_rate': 0.04676264321447926, 'weight_decay': 1.740734801717214e-05, 'virtual_batch_size': 128, 'cat_emb_dim': 3, 'n_independent': 4, 'n_shared': 3, 'patience': 54, 'batch_size': 512}",2025-09-19 10:03:15.175988
188,0.48108864582067196,"{'n_d_a': 4, 'n_steps': 3, 'gamma': 2.29800981263102, 'lambda_sparse': 5.787204399269579e-06, 'mask_type': 'entmax', 'learning_rate': 0.04445023499917937, 'weight_decay': 6.776896764999857e-06, 'virtual_batch_size': 128, 'cat_emb_dim': 3, 'n_independent': 4, 'n_shared': 3, 'patience': 51, 'batch_size': 512}",2025-09-19 10:07:09.518866
189,0.4905690124083337,"{'n_d_a': 4, 'n_steps': 3, 'gamma': 2.2559771874398264, 'lambda_sparse': 4.083479406667326e-06, 'mask_type': 'entmax', 'learning_rate': 0.0493255112816515, 'weight_decay': 1.5424999001992316e-05, 'virtual_batch_size': 128, 'cat_emb_dim': 3, 'n_independent': 4, 'n_shared': 3, 'patience': 53, 'batch_size': 512}",2025-09-19 10:11:44.551328
190,0.47015843601526736,"{'n_d_a': 4, 'n_steps': 3, 'gamma': 2.161639769077279, 'lambda_sparse': 4.941969097523397e-05, 'mask_type': 'entmax', 'learning_rate': 0.0494071381734625, 'weight_decay': 1.1551682842957423e-05, 'virtual_batch_size': 128, 'cat_emb_dim': 3, 'n_independent': 4, 'n_shared': 4, 'patience': 54, 'batch_size': 512}",2025-09-19 10:15:08.307081
191,0.4739715209014717,"{'n_d_a': 8, 'n_steps': 3, 'gamma': 2.3245402002494577, 'lambda_sparse': 3.464255024696202e-06, 'mask_type': 'sparsemax', 'learning_rate': 0.04206165701211707, 'weight_decay': 1.9136369560124765e-05, 'virtual_batch_size': 128, 'cat_emb_dim': 3, 'n_independent': 4, 'n_shared': 3, 'patience': 56, 'batch_size': 512}",2025-09-19 10:23:14.424242
192,0.45771318575191877,"{'n_d_a': 4, 'n_steps': 3, 'gamma': 2.3594779197307645, 'lambda_sparse': 4.520656131630366e-06, 'mask_type': 'entmax', 'learning_rate': 0.044449098813992415, 'weight_decay': 1.628478453375139e-05, 'virtual_batch_size': 128, 'cat_emb_dim': 3, 'n_independent': 4, 'n_shared': 3, 'patience': 60, 'batch_size': 512}",2025-09-19 10:30:36.400079
193,0.4748876395625318,"{'n_d_a': 40, 'n_steps': 3, 'gamma': 2.21764875310252, 'lambda_sparse': 2.867540884871006e-06, 'mask_type': 'sparsemax', 'learning_rate': 0.03953226530041229, 'weight_decay': 1.7290649078107704e-05, 'virtual_batch_size': 128, 'cat_emb_dim': 3, 'n_independent': 4, 'n_shared': 3, 'patience': 59, 'batch_size': 512}",2025-09-19 10:34:26.322888
194,0.4832746664994924,"{'n_d_a': 8, 'n_steps': 3, 'gamma': 2.389299031687219, 'lambda_sparse': 8.999658327326248e-06, 'mask_type': 'sparsemax', 'learning_rate': 0.04524493877577211, 'weight_decay': 1.4695072780848143e-05, 'virtual_batch_size': 128, 'cat_emb_dim': 3, 'n_independent': 4, 'n_shared': 3, 'patience': 52, 'batch_size': 2048}",2025-09-19 10:39:55.401744
195,0.46484984193483286,"{'n_d_a': 24, 'n_steps': 3, 'gamma': 2.291132186679174, 'lambda_sparse': 2.6348133740858622e-06, 'mask_type': 'sparsemax', 'learning_rate': 0.04196910722745515, 'weight_decay': 2.1400502554383266e-05, 'virtual_batch_size': 128, 'cat_emb_dim': 3, 'n_independent': 4, 'n_shared': 3, 'patience': 58, 'batch_size': 1024}",2025-09-19 10:42:48.906078
196,0.48707501840014694,"{'n_d_a': 4, 'n_steps': 5, 'gamma': 2.4570503961203216, 'lambda_sparse': 3.869899390539129e-06, 'mask_type': 'sparsemax', 'learning_rate': 0.0379730688948967, 'weight_decay': 1.0257226151683577e-05, 'virtual_batch_size': 128, 'cat_emb_dim': 3, 'n_independent': 4, 'n_shared': 3, 'patience': 55, 'batch_size': 512}",2025-09-19 10:45:34.623345
197,0.4912513665443205,"{'n_d_a': 4, 'n_steps': 3, 'gamma': 2.4136062327549825, 'lambda_sparse': 7.223635915003674e-06, 'mask_type': 'sparsemax', 'learning_rate': 0.04955372621039396, 'weight_decay': 1.3213518475368087e-05, 'virtual_batch_size': 256, 'cat_emb_dim': 3, 'n_independent': 4, 'n_shared': 3, 'patience': 57, 'batch_size': 512}",2025-09-19 10:57:34.783602
198,0.49241893820970156,"{'n_d_a': 4, 'n_steps': 3, 'gamma': 2.375336646743152, 'lambda_sparse': 5.312104247596188e-06, 'mask_type': 'sparsemax', 'learning_rate': 0.04999482229127011, 'weight_decay': 1.3559369652218865e-05, 'virtual_batch_size': 256, 'cat_emb_dim': 3, 'n_independent': 4, 'n_shared': 3, 'patience': 56, 'batch_size': 512}",2025-09-19 11:01:44.137100
199,0.48366123783291437,"{'n_d_a': 4, 'n_steps': 8, 'gamma': 2.332923956185598, 'lambda_sparse': 6.771068995488984e-06, 'mask_type': 'sparsemax', 'learning_rate': 0.04721040478997454, 'weight_decay': 1.3478704888717908e-05, 'virtual_batch_size': 256, 'cat_emb_dim': 3, 'n_independent': 4, 'n_shared': 3, 'patience': 57, 'batch_size': 512}",2025-09-19 11:07:46.222467
200,0.44993430213643554,"{'n_d_a': 4, 'n_steps': 3, 'gamma': 2.394123451174457, 'lambda_sparse': 4.940846860972866e-06, 'mask_type': 'entmax', 'learning_rate': 0.04434100006375076, 'weight_decay': 1.1809707778867038e-05, 'virtual_batch_size': 256, 'cat_emb_dim': 3, 'n_independent': 4, 'n_shared': 3, 'patience': 56, 'batch_size': 512}",2025-09-19 11:16:40.935699
201,0.49190817873335496,"{'n_d_a': 4, 'n_steps': 3, 'gamma': 2.3519176845833316, 'lambda_sparse': 5.986734675341059e-06, 'mask_type': 'sparsemax', 'learning_rate': 0.04935632278583045, 'weight_decay': 1.3624142495856071e-05, 'virtual_batch_size': 256, 'cat_emb_dim': 3, 'n_independent': 4, 'n_shared': 3, 'patience': 55, 'batch_size': 512}",2025-09-19 11:19:44.957711
202,0.4902266495637189,"{'n_d_a': 4, 'n_steps': 3, 'gamma': 2.3615603773013487, 'lambda_sparse': 6.4444840461416695e-06, 'mask_type': 'sparsemax', 'learning_rate': 0.04973412187920813, 'weight_decay': 1.3525867186227946e-05, 'virtual_batch_size': 256, 'cat_emb_dim': 3, 'n_independent': 4, 'n_shared': 3, 'patience': 53, 'batch_size': 512}",2025-09-19 11:23:53.456842
203,0.47027311711737907,"{'n_d_a': 4, 'n_steps': 3, 'gamma': 2.320043224312185, 'lambda_sparse': 7.80957413191557e-06, 'mask_type': 'sparsemax', 'learning_rate': 0.041774946657630166, 'weight_decay': 1.485547853870544e-05, 'virtual_batch_size': 256, 'cat_emb_dim': 3, 'n_independent': 4, 'n_shared': 3, 'patience': 54, 'batch_size': 512}",2025-09-19 11:28:43.362458
204,0.48905834004528764,"{'n_d_a': 4, 'n_steps': 3, 'gamma': 2.4162892205981406, 'lambda_sparse': 5.626989201629801e-06, 'mask_type': 'sparsemax', 'learning_rate': 0.04990800696690939, 'weight_decay': 1.2731573629465775e-05, 'virtual_batch_size': 256, 'cat_emb_dim': 3, 'n_independent': 4, 'n_shared': 3, 'patience': 55, 'batch_size': 512}",2025-09-19 11:33:28.766902
205,0.49247537384578227,"{'n_d_a': 4, 'n_steps': 3, 'gamma': 2.383499144734217, 'lambda_sparse': 5.656588863188366e-06, 'mask_type': 'sparsemax', 'learning_rate': 0.04567725055302849, 'weight_decay': 1.0888687878350036e-05, 'virtual_batch_size': 256, 'cat_emb_dim': 3, 'n_independent': 4, 'n_shared': 3, 'patience': 56, 'batch_size': 512}",2025-09-19 11:41:36.729907
206,0.46452504926780014,"{'n_d_a': 8, 'n_steps': 7, 'gamma': 2.383063578772103, 'lambda_sparse': 5.3043413199678375e-06, 'mask_type': 'sparsemax', 'learning_rate': 0.04492897834214349, 'weight_decay': 8.993068757232641e-06, 'virtual_batch_size': 256, 'cat_emb_dim': 3, 'n_independent': 4, 'n_shared': 3, 'patience': 56, 'batch_size': 512}",2025-09-19 11:46:51.688338
207,0.46735927421316353,"{'n_d_a': 4, 'n_steps': 3, 'gamma': 2.2906553292504688, 'lambda_sparse': 4.674154438571244e-06, 'mask_type': 'sparsemax', 'learning_rate': 0.04120614838854002, 'weight_decay': 1.084868670612505e-05, 'virtual_batch_size': 256, 'cat_emb_dim': 3, 'n_independent': 4, 'n_shared': 3, 'patience': 54, 'batch_size': 512}",2025-09-19 11:53:40.302367
208,0.48782566552407136,"{'n_d_a': 4, 'n_steps': 3, 'gamma': 2.3299576659958503, 'lambda_sparse': 4.067725860578129e-06, 'mask_type': 'sparsemax', 'learning_rate': 0.03808549695037563, 'weight_decay': 9.975208818368157e-06, 'virtual_batch_size': 256, 'cat_emb_dim': 3, 'n_independent': 4, 'n_shared': 3, 'patience': 55, 'batch_size': 512}",2025-09-19 11:56:57.639621
209,0.4943921746038697,"{'n_d_a': 4, 'n_steps': 3, 'gamma': 2.255022448362361, 'lambda_sparse': 6.146297943892449e-06, 'mask_type': 'sparsemax', 'learning_rate': 0.04520784995195536, 'weight_decay': 1.1684586822030783e-05, 'virtual_batch_size': 256, 'cat_emb_dim': 3, 'n_independent': 4, 'n_shared': 3, 'patience': 53, 'batch_size': 512}",2025-09-19 12:02:15.641908
210,0.48883279029910504,"{'n_d_a': 8, 'n_steps': 3, 'gamma': 2.2464924828458552, 'lambda_sparse': 5.957545797156308e-06, 'mask_type': 'sparsemax', 'learning_rate': 0.04576469435715363, 'weight_decay': 1.1755259292108148e-05, 'virtual_batch_size': 256, 'cat_emb_dim': 3, 'n_independent': 4, 'n_shared': 3, 'patience': 57, 'batch_size': 512}",2025-09-19 12:10:27.187718
211,0.489590288669601,"{'n_d_a': 4, 'n_steps': 3, 'gamma': 2.1957812077397234, 'lambda_sparse': 8.302931797542999e-06, 'mask_type': 'sparsemax', 'learning_rate': 0.04225809747086206, 'weight_decay': 9.385293639046567e-06, 'virtual_batch_size': 256, 'cat_emb_dim': 3, 'n_independent': 4, 'n_shared': 3, 'patience': 53, 'batch_size': 512}",2025-09-19 12:16:03.747568
212,0.48803294407129605,"{'n_d_a': 4, 'n_steps': 3, 'gamma': 2.364199782287768, 'lambda_sparse': 4.9662088401972976e-06, 'mask_type': 'sparsemax', 'learning_rate': 0.04593291375459945, 'weight_decay': 1.6166585902384735e-05, 'virtual_batch_size': 256, 'cat_emb_dim': 3, 'n_independent': 4, 'n_shared': 3, 'patience': 52, 'batch_size': 512}",2025-09-19 12:22:26.555198
213,0.4798683890968927,"{'n_d_a': 4, 'n_steps': 3, 'gamma': 2.4653997018213665, 'lambda_sparse': 1.0216525526338675e-05, 'mask_type': 'sparsemax', 'learning_rate': 0.0402445752822438, 'weight_decay': 1.1094703492165613e-05, 'virtual_batch_size': 256, 'cat_emb_dim': 3, 'n_independent': 4, 'n_shared': 3, 'patience': 56, 'batch_size': 512}",2025-09-19 12:25:19.955307
214,0.49030121446585745,"{'n_d_a': 4, 'n_steps': 3, 'gamma': 2.2804421896077605, 'lambda_sparse': 6.753590683187053e-06, 'mask_type': 'sparsemax', 'learning_rate': 0.043559815287590536, 'weight_decay': 8.253184703300955e-06, 'virtual_batch_size': 256, 'cat_emb_dim': 3, 'n_independent': 4, 'n_shared': 3, 'patience': 52, 'batch_size': 512}",2025-09-19 12:28:19.298229
215,0.48011190289776745,"{'n_d_a': 4, 'n_steps': 3, 'gamma': 2.361693229800368, 'lambda_sparse': 4.348032760170657e-06, 'mask_type': 'sparsemax', 'learning_rate': 0.03613169134081966, 'weight_decay': 1.3935762333417043e-05, 'virtual_batch_size': 256, 'cat_emb_dim': 3, 'n_independent': 4, 'n_shared': 3, 'patience': 49, 'batch_size': 512}",2025-09-19 12:31:24.936899
216,0.4930167295645241,"{'n_d_a': 4, 'n_steps': 3, 'gamma': 2.440401648711556, 'lambda_sparse': 5.340795840014737e-06, 'mask_type': 'sparsemax', 'learning_rate': 0.04646218450449583, 'weight_decay': 1.2348572276147316e-05, 'virtual_batch_size': 256, 'cat_emb_dim': 3, 'n_independent': 4, 'n_shared': 1, 'patience': 54, 'batch_size': 512}",2025-09-19 12:35:58.560185
217,0.4777836838299086,"{'n_d_a': 4, 'n_steps': 3, 'gamma': 2.0686210034293735, 'lambda_sparse': 5.5465725300891964e-06, 'mask_type': 'sparsemax', 'learning_rate': 0.04991190487456443, 'weight_decay': 1.2207788554302153e-05, 'virtual_batch_size': 256, 'cat_emb_dim': 3, 'n_independent': 4, 'n_shared': 2, 'patience': 54, 'batch_size': 512}",2025-09-19 12:41:00.183106
218,0.49065745837291413,"{'n_d_a': 8, 'n_steps': 3, 'gamma': 2.49844908050645, 'lambda_sparse': 6.461693362489591e-06, 'mask_type': 'sparsemax', 'learning_rate': 0.045927589460601465, 'weight_decay': 1.515344884002099e-05, 'virtual_batch_size': 256, 'cat_emb_dim': 3, 'n_independent': 4, 'n_shared': 4, 'patience': 58, 'batch_size': 512}",2025-09-19 12:46:23.396420
219,0.4904110012088516,"{'n_d_a': 4, 'n_steps': 3, 'gamma': 2.329980952554803, 'lambda_sparse': 4.866696364992559e-06, 'mask_type': 'sparsemax', 'learning_rate': 0.04663251562782004, 'weight_decay': 1.7556125167394007e-05, 'virtual_batch_size': 256, 'cat_emb_dim': 3, 'n_independent': 4, 'n_shared': 1, 'patience': 55, 'batch_size': 512}",2025-09-19 12:54:24.572534
220,0.47616758111598484,"{'n_d_a': 8, 'n_steps': 6, 'gamma': 2.428419441353782, 'lambda_sparse': 5.89274502638673e-06, 'mask_type': 'sparsemax', 'learning_rate': 0.043273459177495505, 'weight_decay': 1.0691714225876812e-05, 'virtual_batch_size': 256, 'cat_emb_dim': 3, 'n_independent': 4, 'n_shared': 5, 'patience': 56, 'batch_size': 512}",2025-09-19 12:57:34.022736
221,0.4906678343457476,"{'n_d_a': 4, 'n_steps': 3, 'gamma': 2.449714970663143, 'lambda_sparse': 3.6946902204948083e-06, 'mask_type': 'sparsemax', 'learning_rate': 0.03969954860699892, 'weight_decay': 1.0003600781319559e-05, 'virtual_batch_size': 128, 'cat_emb_dim': 3, 'n_independent': 4, 'n_shared': 3, 'patience': 53, 'batch_size': 512}",2025-09-19 13:16:47.459015
222,0.4656958017250921,"{'n_d_a': 4, 'n_steps': 3, 'gamma': 2.3947748276272622, 'lambda_sparse': 3.136613707083197e-06, 'mask_type': 'sparsemax', 'learning_rate': 0.040719327561733215, 'weight_decay': 1.2547886149281116e-05, 'virtual_batch_size': 256, 'cat_emb_dim': 3, 'n_independent': 4, 'n_shared': 1, 'patience': 51, 'batch_size': 512}",2025-09-19 13:30:53.065407
223,0.4885983772992291,"{'n_d_a': 4, 'n_steps': 3, 'gamma': 2.4826235306527664, 'lambda_sparse': 4.369075845462388e-06, 'mask_type': 'sparsemax', 'learning_rate': 0.037359003848679365, 'weight_decay': 1.4182782392198789e-05, 'virtual_batch_size': 128, 'cat_emb_dim': 3, 'n_independent': 4, 'n_shared': 1, 'patience': 54, 'batch_size': 512}",2025-09-19 13:37:51.903328
224,0.48860383755856257,"{'n_d_a': 4, 'n_steps': 3, 'gamma': 2.51617565751778, 'lambda_sparse': 3.4751549364603126e-06, 'mask_type': 'sparsemax', 'learning_rate': 0.04584710077315612, 'weight_decay': 1.121930016365472e-05, 'virtual_batch_size': 128, 'cat_emb_dim': 3, 'n_independent': 4, 'n_shared': 4, 'patience': 58, 'batch_size': 512}",2025-09-19 13:44:56.193233
225,0.47822981400642184,"{'n_d_a': 4, 'n_steps': 3, 'gamma': 2.4282678403894757, 'lambda_sparse': 5.300089364022099e-06, 'mask_type': 'sparsemax', 'learning_rate': 0.042024872893627115, 'weight_decay': 1.5656314409509997e-05, 'virtual_batch_size': 128, 'cat_emb_dim': 3, 'n_independent': 4, 'n_shared': 2, 'patience': 51, 'batch_size': 512}",2025-09-19 13:50:22.042349
226,0.4917483935869032,"{'n_d_a': 4, 'n_steps': 3, 'gamma': 2.295533615816575, 'lambda_sparse': 4.0408536788242025e-06, 'mask_type': 'sparsemax', 'learning_rate': 0.010738921922806066, 'weight_decay': 9.010317845571852e-06, 'virtual_batch_size': 128, 'cat_emb_dim': 3, 'n_independent': 4, 'n_shared': 3, 'patience': 55, 'batch_size': 512}",2025-09-19 13:54:34.393723
227,0.46020147143225015,"{'n_d_a': 8, 'n_steps': 8, 'gamma': 2.2850569899345885, 'lambda_sparse': 4.339873414402956e-06, 'mask_type': 'sparsemax', 'learning_rate': 0.04680198386382723, 'weight_decay': 1.286455809140697e-05, 'virtual_batch_size': 256, 'cat_emb_dim': 3, 'n_independent': 4, 'n_shared': 3, 'patience': 55, 'batch_size': 512}",2025-09-19 14:04:59.018820
228,0.4916760022811582,"{'n_d_a': 4, 'n_steps': 3, 'gamma': 2.2411600037399197, 'lambda_sparse': 4.935075433460592e-06, 'mask_type': 'sparsemax', 'learning_rate': 0.04990421078536224, 'weight_decay': 9.658398749500812e-06, 'virtual_batch_size': 128, 'cat_emb_dim': 3, 'n_independent': 4, 'n_shared': 5, 'patience': 57, 'batch_size': 512}",2025-09-19 14:13:36.759482
229,0.48957535648331124,"{'n_d_a': 4, 'n_steps': 3, 'gamma': 2.181285296867407, 'lambda_sparse': 1.2816719604913418e-05, 'mask_type': 'sparsemax', 'learning_rate': 0.04921280172712098, 'weight_decay': 9.361368838685104e-06, 'virtual_batch_size': 128, 'cat_emb_dim': 3, 'n_independent': 4, 'n_shared': 3, 'patience': 57, 'batch_size': 512}",2025-09-19 14:23:20.962638
230,0.46219912723938156,"{'n_d_a': 8, 'n_steps': 3, 'gamma': 2.2668419343090918, 'lambda_sparse': 7.468381141718679e-06, 'mask_type': 'entmax', 'learning_rate': 0.004800367246999151, 'weight_decay': 1.1462963827365561e-05, 'virtual_batch_size': 128, 'cat_emb_dim': 3, 'n_independent': 4, 'n_shared': 3, 'patience': 59, 'batch_size': 512}",2025-09-19 14:30:41.409998
231,0.4543619263278293,"{'n_d_a': 4, 'n_steps': 3, 'gamma': 2.2294613316532272, 'lambda_sparse': 3.897643935771057e-06, 'mask_type': 'sparsemax', 'learning_rate': 0.003402827350471454, 'weight_decay': 1.0252248160027725e-05, 'virtual_batch_size': 128, 'cat_emb_dim': 3, 'n_independent': 4, 'n_shared': 5, 'patience': 57, 'batch_size': 512}",2025-09-19 14:36:59.125437
232,0.4731804725615218,"{'n_d_a': 4, 'n_steps': 3, 'gamma': 2.3106004818869113, 'lambda_sparse': 4.93393327936454e-06, 'mask_type': 'sparsemax', 'learning_rate': 0.04977287245548026, 'weight_decay': 9.625569690399732e-06, 'virtual_batch_size': 128, 'cat_emb_dim': 3, 'n_independent': 4, 'n_shared': 5, 'patience': 56, 'batch_size': 512}",2025-09-19 14:44:29.654955
233,0.4918215887250598,"{'n_d_a': 4, 'n_steps': 3, 'gamma': 2.3444283296169393, 'lambda_sparse': 4.9732110225481e-06, 'mask_type': 'sparsemax', 'learning_rate': 0.04416762454703801, 'weight_decay': 1.923182538170659e-06, 'virtual_batch_size': 128, 'cat_emb_dim': 3, 'n_independent': 4, 'n_shared': 5, 'patience': 31, 'batch_size': 512}",2025-09-19 14:49:36.976164
234,0.46508832332436584,"{'n_d_a': 4, 'n_steps': 3, 'gamma': 2.2492581915366956, 'lambda_sparse': 6.020548283812638e-06, 'mask_type': 'sparsemax', 'learning_rate': 0.04452090115916495, 'weight_decay': 2.7739297186211554e-06, 'virtual_batch_size': 128, 'cat_emb_dim': 3, 'n_independent': 4, 'n_shared': 5, 'patience': 54, 'batch_size': 512}",2025-09-19 14:55:16.945503
235,0.487151496139814,"{'n_d_a': 4, 'n_steps': 3, 'gamma': 2.352671280283697, 'lambda_sparse': 5.479975325109116e-06, 'mask_type': 'sparsemax', 'learning_rate': 0.04423916002988344, 'weight_decay': 1.711456027286267e-05, 'virtual_batch_size': 128, 'cat_emb_dim': 3, 'n_independent': 4, 'n_shared': 5, 'patience': 58, 'batch_size': 512}",2025-09-19 15:00:14.115434
236,0.49085734244346857,"{'n_d_a': 4, 'n_steps': 3, 'gamma': 2.299662826684978, 'lambda_sparse': 4.655914451360228e-06, 'mask_type': 'sparsemax', 'learning_rate': 0.046486961300783634, 'weight_decay': 1.0588210038260244e-06, 'virtual_batch_size': 128, 'cat_emb_dim': 3, 'n_independent': 4, 'n_shared': 5, 'patience': 55, 'batch_size': 512}",2025-09-19 15:08:13.754404
237,0.48040716000516825,"{'n_d_a': 4, 'n_steps': 9, 'gamma': 2.2082425344230328, 'lambda_sparse': 6.83166983876068e-06, 'mask_type': 'sparsemax', 'learning_rate': 0.011780642968849958, 'weight_decay': 1.7900047415827188e-06, 'virtual_batch_size': 128, 'cat_emb_dim': 3, 'n_independent': 4, 'n_shared': 5, 'patience': 30, 'batch_size': 512}",2025-09-19 15:17:13.756882
238,0.4604397585630915,"{'n_d_a': 36, 'n_steps': 3, 'gamma': 2.3389697530646294, 'lambda_sparse': 5.33000571436932e-06, 'mask_type': 'sparsemax', 'learning_rate': 0.04202638756994435, 'weight_decay': 3.6171628838644505e-06, 'virtual_batch_size': 256, 'cat_emb_dim': 3, 'n_independent': 4, 'n_shared': 5, 'patience': 25, 'batch_size': 1024}",2025-09-19 15:32:37.627958
239,0.4883090118240229,"{'n_d_a': 4, 'n_steps': 3, 'gamma': 2.371807649908555, 'lambda_sparse': 4.598565314500692e-06, 'mask_type': 'sparsemax', 'learning_rate': 0.04973907376328196, 'weight_decay': 1.436225093665395e-05, 'virtual_batch_size': 128, 'cat_emb_dim': 3, 'n_independent': 4, 'n_shared': 5, 'patience': 53, 'batch_size': 512}",2025-09-19 15:33:51.634757
240,0.4758497910259998,"{'n_d_a': 8, 'n_steps': 3, 'gamma': 2.245143459870855, 'lambda_sparse': 4.070408142797195e-06, 'mask_type': 'sparsemax', 'learning_rate': 0.03918744326901333, 'weight_decay': 1.3360591189100518e-05, 'virtual_batch_size': 128, 'cat_emb_dim': 3, 'n_independent': 4, 'n_shared': 5, 'patience': 32, 'batch_size': 512}",2025-09-19 15:46:23.456543
241,0.4861868147154569,"{'n_d_a': 4, 'n_steps': 3, 'gamma': 2.3862848310042155, 'lambda_sparse': 3.619190641113867e-06, 'mask_type': 'sparsemax', 'learning_rate': 0.04359705399428918, 'weight_decay': 1.3015973839786154e-06, 'virtual_batch_size': 128, 'cat_emb_dim': 3, 'n_independent': 4, 'n_shared': 3, 'patience': 56, 'batch_size': 512}",2025-09-19 15:48:55.087351
242,0.45961904283637933,"{'n_d_a': 4, 'n_steps': 3, 'gamma': 2.3133250313000056, 'lambda_sparse': 2.452293978868785e-06, 'mask_type': 'sparsemax', 'learning_rate': 0.03717426505274742, 'weight_decay': 1.1622104014619512e-05, 'virtual_batch_size': 128, 'cat_emb_dim': 3, 'n_independent': 4, 'n_shared': 3, 'patience': 55, 'batch_size': 512}",2025-09-19 15:53:08.105903
243,0.456403511745253,"{'n_d_a': 4, 'n_steps': 3, 'gamma': 2.530771992999897, 'lambda_sparse': 5.511487570686524e-06, 'mask_type': 'sparsemax', 'learning_rate': 0.045774720964361706, 'weight_decay': 8.595263834053097e-06, 'virtual_batch_size': 128, 'cat_emb_dim': 3, 'n_independent': 4, 'n_shared': 3, 'patience': 57, 'batch_size': 512}",2025-09-19 15:57:49.065472
244,0.44074773912098353,"{'n_d_a': 4, 'n_steps': 3, 'gamma': 2.4805167907500163, 'lambda_sparse': 4.33729097766378e-06, 'mask_type': 'sparsemax', 'learning_rate': 0.04275013019100011, 'weight_decay': 1.7241432224194262e-06, 'virtual_batch_size': 128, 'cat_emb_dim': 3, 'n_independent': 4, 'n_shared': 3, 'patience': 57, 'batch_size': 512}",2025-09-19 16:02:25.856905
245,0.46201875584587476,"{'n_d_a': 4, 'n_steps': 3, 'gamma': 2.419001936314753, 'lambda_sparse': 6.18109591829141e-06, 'mask_type': 'sparsemax', 'learning_rate': 0.007773278477152244, 'weight_decay': 2.1493797067419576e-06, 'virtual_batch_size': 128, 'cat_emb_dim': 3, 'n_independent': 4, 'n_shared': 3, 'patience': 56, 'batch_size': 512}",2025-09-19 16:05:56.878431
246,0.4809769783088,"{'n_d_a': 4, 'n_steps': 3, 'gamma': 2.5910184650068797, 'lambda_sparse': 3.3582805337834675e-06, 'mask_type': 'sparsemax', 'learning_rate': 0.010604950322527985, 'weight_decay': 1.6582337933995286e-05, 'virtual_batch_size': 128, 'cat_emb_dim': 3, 'n_independent': 4, 'n_shared': 3, 'patience': 59, 'batch_size': 512}",2025-09-19 16:12:20.906358
247,0.46192823279088996,"{'n_d_a': 4, 'n_steps': 3, 'gamma': 2.2854385385719773, 'lambda_sparse': 2.7823068594607904e-05, 'mask_type': 'sparsemax', 'learning_rate': 0.03458914089150478, 'weight_decay': 1.0396225824144454e-05, 'virtual_batch_size': 256, 'cat_emb_dim': 3, 'n_independent': 4, 'n_shared': 3, 'patience': 54, 'batch_size': 512}",2025-09-19 16:20:44.375388
248,0.49128038037995775,"{'n_d_a': 4, 'n_steps': 3, 'gamma': 2.345592721992585, 'lambda_sparse': 4.820416028283902e-06, 'mask_type': 'sparsemax', 'learning_rate': 0.03921208435892588, 'weight_decay': 7.781236750128783e-06, 'virtual_batch_size': 128, 'cat_emb_dim': 3, 'n_independent': 4, 'n_shared': 5, 'patience': 58, 'batch_size': 512}",2025-09-19 16:30:21.000526
249,0.4893997788743362,"{'n_d_a': 8, 'n_steps': 3, 'gamma': 2.4707474728319685, 'lambda_sparse': 3.911510901673274e-06, 'mask_type': 'sparsemax', 'learning_rate': 0.04638769765819001, 'weight_decay': 1.9178916810037724e-05, 'virtual_batch_size': 128, 'cat_emb_dim': 3, 'n_independent': 4, 'n_shared': 3, 'patience': 59, 'batch_size': 512}",2025-09-19 16:37:57.008439
250,0.4929125069931479,"{'n_d_a': 4, 'n_steps': 3, 'gamma': 2.3842727120817493, 'lambda_sparse': 2.146933912139861e-06, 'mask_type': 'entmax', 'learning_rate': 0.041901543639973136, 'weight_decay': 1.5096716547272406e-05, 'virtual_batch_size': 128, 'cat_emb_dim': 3, 'n_independent': 4, 'n_shared': 3, 'patience': 55, 'batch_size': 512}",2025-09-19 16:46:00.936347
251,0.48873048670453406,"{'n_d_a': 8, 'n_steps': 3, 'gamma': 2.3899913182586463, 'lambda_sparse': 1.8648404129078567e-06, 'mask_type': 'entmax', 'learning_rate': 0.04196862886117601, 'weight_decay': 1.509484547999518e-05, 'virtual_batch_size': 256, 'cat_emb_dim': 3, 'n_independent': 4, 'n_shared': 3, 'patience': 37, 'batch_size': 512}",2025-09-19 16:53:54.618863
252,0.48451691359583354,"{'n_d_a': 4, 'n_steps': 3, 'gamma': 2.318600638098385, 'lambda_sparse': 2.2038220452928225e-06, 'mask_type': 'entmax', 'learning_rate': 0.04664776975682691, 'weight_decay': 1.7915007827131484e-05, 'virtual_batch_size': 128, 'cat_emb_dim': 3, 'n_independent': 4, 'n_shared': 3, 'patience': 53, 'batch_size': 512}",2025-09-19 16:57:47.897794
253,0.48057462177863614,"{'n_d_a': 4, 'n_steps': 3, 'gamma': 2.368153628154556, 'lambda_sparse': 2.6970057691647033e-06, 'mask_type': 'entmax', 'learning_rate': 0.04973057271570743, 'weight_decay': 1.3472269490682099e-05, 'virtual_batch_size': 128, 'cat_emb_dim': 3, 'n_independent': 4, 'n_shared': 2, 'patience': 55, 'batch_size': 512}",2025-09-19 17:07:43.301753
254,0.48623827126182784,"{'n_d_a': 40, 'n_steps': 3, 'gamma': 2.271034192246579, 'lambda_sparse': 1.8897357004268736e-05, 'mask_type': 'entmax', 'learning_rate': 0.042882475545250244, 'weight_decay': 1.2140341234227141e-05, 'virtual_batch_size': 128, 'cat_emb_dim': 3, 'n_independent': 4, 'n_shared': 3, 'patience': 54, 'batch_size': 512}",2025-09-19 17:17:26.012528
255,0.4620672058594712,"{'n_d_a': 4, 'n_steps': 3, 'gamma': 2.809106184163832, 'lambda_sparse': 6.567325854726084e-05, 'mask_type': 'entmax', 'learning_rate': 0.03874621873213326, 'weight_decay': 1.6136862333921554e-05, 'virtual_batch_size': 256, 'cat_emb_dim': 3, 'n_independent': 4, 'n_shared': 1, 'patience': 56, 'batch_size': 512}",2025-09-19 17:21:45.396832
256,0.48247095704715837,"{'n_d_a': 4, 'n_steps': 6, 'gamma': 2.5364525868214183, 'lambda_sparse': 1.934519455565663e-06, 'mask_type': 'entmax', 'learning_rate': 0.00595862497584255, 'weight_decay': 1.511582480545294e-05, 'virtual_batch_size': 128, 'cat_emb_dim': 3, 'n_independent': 2, 'n_shared': 3, 'patience': 58, 'batch_size': 512}",2025-09-19 17:24:26.928149
257,0.47233613729237645,"{'n_d_a': 20, 'n_steps': 3, 'gamma': 2.4132220101103043, 'lambda_sparse': 2.1761067972814337e-06, 'mask_type': 'sparsemax', 'learning_rate': 0.014896118653194903, 'weight_decay': 9.733713122981343e-05, 'virtual_batch_size': 128, 'cat_emb_dim': 3, 'n_independent': 4, 'n_shared': 3, 'patience': 53, 'batch_size': 512}",2025-09-19 17:43:35.306681
258,0.48106644073441895,"{'n_d_a': 8, 'n_steps': 3, 'gamma': 2.3373663244034404, 'lambda_sparse': 1.6365475565210568e-06, 'mask_type': 'sparsemax', 'learning_rate': 0.045804795878490456, 'weight_decay': 1.4163074382342889e-05, 'virtual_batch_size': 256, 'cat_emb_dim': 3, 'n_independent': 4, 'n_shared': 3, 'patience': 55, 'batch_size': 512}",2025-09-19 17:55:21.494238
259,0.4864402996384065,"{'n_d_a': 4, 'n_steps': 3, 'gamma': 2.5848013916092203, 'lambda_sparse': 6.013438155074982e-06, 'mask_type': 'sparsemax', 'learning_rate': 0.04081583915213029, 'weight_decay': 1.3071815397728813e-05, 'virtual_batch_size': 128, 'cat_emb_dim': 3, 'n_independent': 4, 'n_shared': 3, 'patience': 60, 'batch_size': 512}",2025-09-19 18:01:55.357528
260,0.4678568127287983,"{'n_d_a': 60, 'n_steps': 3, 'gamma': 2.1371891760659314, 'lambda_sparse': 2.4419783982207604e-06, 'mask_type': 'sparsemax', 'learning_rate': 0.018856156352869673, 'weight_decay': 9.090936186373789e-06, 'virtual_batch_size': 128, 'cat_emb_dim': 3, 'n_independent': 4, 'n_shared': 4, 'patience': 57, 'batch_size': 512}",2025-09-19 18:12:58.052916
